{"(0, 0, 0, 0)":{"0":-1.08,"1":-1.017845117845118,"2":0,"3":-11.018855218855219,"4":0,"5":0,"6":0.0},"(0, 0, 0, 1)":{"0":0,"1":0,"2":0,"3":0,"4":0,"5":0,"6":0},"(0, 0, 0, 2)":{"0":0,"1":0,"2":0,"3":0,"4":0,"5":0,"6":0},"(0, 0, 0, 3)":{"0":0,"1":0,"2":0,"3":0,"4":0,"5":0,"6":0},"(0, 0, 1, 0)":{"0":0,"1":0,"2":0,"3":0,"4":0,"5":0,"6":0},"(0, 0, 1, 1)":{"0":0,"1":-0.0033838383838386225,"2":-0.002740740740740755,"3":0,"4":0,"5":0,"6":-0.03011049723756898},"(0, 0, 1, 2)":{"0":0,"1":0,"2":0,"3":0,"4":0,"5":0,"6":0},"(0, 0, 1, 3)":{"0":0,"1":0,"2":0,"3":0,"4":0,"5":0,"6":0.0},"(0, 0, 2, 0)":{"0":0,"1":0,"2":0,"3":0,"4":0,"5":0,"6":0},"(0, 0, 2, 1)":{"0":0,"1":0,"2":0,"3":0,"4":0,"5":0,"6":0},"(0, 0, 2, 2)":{"0":0,"1":0,"2":0,"3":0,"4":0,"5":0,"6":0},"(0, 0, 2, 3)":{"0":0,"1":0,"2":0,"3":0,"4":0,"5":0,"6":0},"(0, 0, 3, 0)":{"0":0,"1":0,"2":0,"3":0,"4":0,"5":0,"6":0},"(0, 0, 3, 1)":{"0":0,"1":0,"2":0,"3":0,"4":0,"5":0,"6":0},"(0, 0, 3, 2)":{"0":0,"1":0,"2":0,"3":0,"4":0,"5":0,"6":0},"(0, 0, 3, 3)":{"0":0,"1":0,"2":0,"3":0,"4":0,"5":0,"6":0},"(0, 1, 0, 0)":{"0":0,"1":0,"2":0,"3":0,"4":0,"5":0,"6":0},"(0, 1, 0, 1)":{"0":0,"1":0,"2":0,"3":-1.0053872053872053,"4":0,"5":0.0,"6":0},"(0, 1, 0, 2)":{"0":0,"1":0,"2":0,"3":-0.03872053872053876,"4":0,"5":0,"6":0},"(0, 1, 0, 3)":{"0":0,"1":0,"2":0,"3":0,"4":0,"5":0,"6":0},"(0, 1, 1, 0)":{"0":0,"1":0,"2":0,"3":0,"4":0,"5":0,"6":0},"(0, 1, 1, 1)":{"0":0,"1":0,"2":0,"3":0,"4":0,"5":0,"6":-0.03397790055248615},"(0, 1, 1, 2)":{"0":-11.049158249158252,"1":0,"2":0,"3":0,"4":0,"5":0,"6":0},"(0, 1, 1, 3)":{"0":0,"1":0,"2":0,"3":0,"4":0,"5":0,"6":0},"(0, 1, 2, 0)":{"0":0,"1":0,"2":0,"3":0,"4":0,"5":0,"6":0},"(0, 1, 2, 1)":{"0":0,"1":0,"2":0,"3":0,"4":0,"5":0,"6":0},"(0, 1, 2, 2)":{"0":0,"1":0,"2":0,"3":0,"4":0,"5":0,"6":0},"(0, 1, 2, 3)":{"0":0,"1":0,"2":0,"3":0,"4":0,"5":0,"6":0},"(0, 1, 3, 0)":{"0":1.032,"1":0,"2":0,"3":0,"4":0,"5":0,"6":-1.043646408839779},"(0, 1, 3, 1)":{"0":0,"1":0,"2":0,"3":0,"4":0,"5":0,"6":0},"(0, 1, 3, 2)":{"0":0,"1":0,"2":0,"3":-0.05084175084175087,"4":0,"5":0,"6":0},"(0, 1, 3, 3)":{"0":0,"1":0,"2":0,"3":0,"4":0,"5":0,"6":0},"(0, 2, 0, 0)":{"0":-0.05635359116022105,"1":0,"2":0,"3":0,"4":0,"5":0,"6":0},"(0, 2, 0, 1)":{"0":0,"1":0,"2":0,"3":0,"4":0,"5":0,"6":0},"(0, 2, 0, 2)":{"0":0,"1":0,"2":0,"3":0,"4":0,"5":0,"6":0.0},"(0, 2, 0, 3)":{"0":0,"1":0,"2":-0.00041414141414142236,"3":0,"4":0,"5":0.0,"6":0},"(0, 2, 1, 0)":{"0":0,"1":0,"2":0,"3":-11.05892255892256,"4":0,"5":0,"6":0},"(0, 2, 1, 1)":{"0":0,"1":0,"2":0,"3":0,"4":0,"5":0,"6":0.01300000000000008},"(0, 2, 1, 2)":{"0":0,"1":0,"2":0,"3":0,"4":0,"5":0,"6":0},"(0, 2, 1, 3)":{"0":0,"1":0,"2":-1.0275252525252527,"3":0,"4":0,"5":0,"6":0},"(0, 2, 2, 0)":{"0":0,"1":0,"2":0,"3":0,"4":0,"5":0,"6":0},"(0, 2, 2, 1)":{"0":0,"1":0,"2":0,"3":0,"4":0,"5":0,"6":0},"(0, 2, 2, 2)":{"0":0,"1":-1.0503905723905724,"2":0,"3":0,"4":0,"5":0,"6":0},"(0, 2, 2, 3)":{"0":0,"1":0,"2":0.029000000000000005,"3":0,"4":0,"5":0,"6":0},"(0, 2, 3, 0)":{"0":0,"1":0,"2":0,"3":0,"4":0,"5":0,"6":0},"(0, 2, 3, 1)":{"0":0,"1":0,"2":0,"3":0,"4":0,"5":0,"6":0},"(0, 2, 3, 2)":{"0":0,"1":0,"2":0,"3":0,"4":0,"5":0,"6":0},"(0, 2, 3, 3)":{"0":0,"1":0,"2":0,"3":-11.100000000000001,"4":0,"5":0,"6":0},"(1, 0, 0, 0)":{"0":0,"1":0,"2":0,"3":0,"4":0,"5":0,"6":0},"(1, 0, 0, 1)":{"0":0,"1":-1.006312292358804,"2":0,"3":-1.0165714285714287,"4":0.0,"5":0,"6":0.011999999999999967},"(1, 0, 0, 2)":{"0":0,"1":0,"2":0,"3":0,"4":0,"5":0,"6":0},"(1, 0, 0, 3)":{"0":0.12360000000000003,"1":0,"2":0,"3":0,"4":0,"5":0,"6":0},"(1, 0, 1, 0)":{"0":0,"1":0,"2":0,"3":0,"4":0,"5":0,"6":0},"(1, 0, 1, 1)":{"0":0,"1":0,"2":0,"3":0,"4":0,"5":0,"6":0},"(1, 0, 1, 2)":{"0":0,"1":0,"2":0,"3":0,"4":0,"5":0,"6":0},"(1, 0, 1, 3)":{"0":0,"1":0,"2":0,"3":0,"4":0,"5":0,"6":0},"(1, 0, 2, 0)":{"0":0,"1":0,"2":0,"3":0,"4":0,"5":0,"6":0},"(1, 0, 2, 1)":{"0":0,"1":0,"2":0,"3":0,"4":0,"5":0,"6":0},"(1, 0, 2, 2)":{"0":0,"1":0,"2":0,"3":0,"4":0,"5":0,"6":0},"(1, 0, 2, 3)":{"0":0,"1":0,"2":0,"3":0,"4":0,"5":0,"6":0},"(1, 0, 3, 0)":{"0":0,"1":0,"2":0,"3":0,"4":0,"5":0,"6":0},"(1, 0, 3, 1)":{"0":0,"1":0,"2":-0.09368770764119604,"3":0,"4":0,"5":0,"6":0},"(1, 0, 3, 2)":{"0":0,"1":0,"2":0,"3":0,"4":0,"5":0,"6":0},"(1, 0, 3, 3)":{"0":0,"1":0,"2":0,"3":0,"4":0,"5":0,"6":0},"(1, 1, 0, 0)":{"0":-1.0059800664451828,"1":-0.013474747474747507,"2":0,"3":0,"4":0.0,"5":0,"6":0},"(1, 1, 0, 1)":{"0":-10.976594684385383,"1":0,"2":-0.03588039867109636,"3":-11.008637873754154,"4":-0.05589225589225571,"5":0,"6":0},"(1, 1, 0, 2)":{"0":0,"1":0,"2":-1.0205980066445182,"3":0,"4":0.0,"5":0,"6":0},"(1, 1, 0, 3)":{"0":0,"1":0,"2":-11.002325581395349,"3":0.008480662983425358,"4":0,"5":0,"6":0},"(1, 1, 1, 0)":{"0":0,"1":0,"2":0,"3":0,"4":0,"5":0,"6":0},"(1, 1, 1, 1)":{"0":0,"1":-0.02621262458471776,"2":-0.0471760797342192,"3":-0.01619269102990035,"4":0,"5":0,"6":0},"(1, 1, 1, 2)":{"0":0,"1":0,"2":-0.042857142857142705,"3":0.027000000000000135,"4":0,"5":0,"6":0},"(1, 1, 1, 3)":{"0":0,"1":0,"2":0,"3":0,"4":0,"5":0,"6":0},"(1, 1, 2, 0)":{"0":0,"1":0,"2":0,"3":0,"4":0,"5":0,"6":0},"(1, 1, 2, 1)":{"0":0,"1":0,"2":0,"3":0,"4":0,"5":0,"6":0},"(1, 1, 2, 2)":{"0":0,"1":0,"2":0,"3":0,"4":0,"5":0,"6":0},"(1, 1, 2, 3)":{"0":-0.0011893687707640766,"1":0,"2":0,"3":0,"4":0,"5":0,"6":0},"(1, 1, 3, 0)":{"0":0,"1":0,"2":0,"3":0,"4":0,"5":0,"6":0},"(1, 1, 3, 1)":{"0":0,"1":0,"2":0,"3":0,"4":0,"5":0,"6":0},"(1, 1, 3, 2)":{"0":0,"1":-0.027544850498339102,"2":0,"3":0,"4":0,"5":0,"6":0},"(1, 1, 3, 3)":{"0":-0.00018604651162785758,"1":-0.03319269102990035,"2":0,"3":0,"4":0,"5":0,"6":0},"(1, 2, 0, 0)":{"0":2.816224309392265,"1":0,"2":0,"3":0,"4":0,"5":0,"6":0},"(1, 2, 0, 1)":{"0":0,"1":0,"2":0,"3":0,"4":0,"5":0,"6":0},"(1, 2, 0, 2)":{"0":0,"1":0,"2":0,"3":0,"4":0,"5":0,"6":0},"(1, 2, 0, 3)":{"0":0,"1":0,"2":0,"3":0,"4":0,"5":0,"6":0.0},"(1, 2, 1, 0)":{"0":0,"1":0,"2":0,"3":0,"4":0,"5":0,"6":0},"(1, 2, 1, 1)":{"0":0,"1":0,"2":0,"3":0,"4":0,"5":0,"6":0},"(1, 2, 1, 2)":{"0":0,"1":0,"2":0,"3":0,"4":0,"5":0,"6":0},"(1, 2, 1, 3)":{"0":-1.015451827242525,"1":0,"2":0,"3":0,"4":-0.027609427609427598,"5":0,"6":0},"(1, 2, 2, 0)":{"0":0,"1":0,"2":0,"3":0,"4":0,"5":0,"6":0},"(1, 2, 2, 1)":{"0":0,"1":0,"2":0,"3":0,"4":0,"5":0,"6":0},"(1, 2, 2, 2)":{"0":0,"1":0,"2":0,"3":0,"4":0,"5":0,"6":0},"(1, 2, 2, 3)":{"0":0,"1":0,"2":0,"3":0,"4":0,"5":0,"6":0},"(1, 2, 3, 0)":{"0":0,"1":0,"2":0,"3":0,"4":0,"5":0,"6":0},"(1, 2, 3, 1)":{"0":0,"1":0,"2":0,"3":0,"4":0,"5":0,"6":0},"(1, 2, 3, 2)":{"0":0.051382487472697094,"1":-11.040000000000001,"2":0,"3":0,"4":0,"5":0,"6":0},"(1, 2, 3, 3)":{"0":0,"1":0,"2":0,"3":0,"4":0,"5":0,"6":0},"(2, 0, 0, 0)":{"0":0,"1":0.0004364640883979476,"2":0,"3":0,"4":0,"5":0.0,"6":0},"(2, 0, 0, 1)":{"0":0,"1":0,"2":-1.0157458563535913,"3":0,"4":0,"5":0.0,"6":0},"(2, 0, 0, 2)":{"0":0,"1":0,"2":0,"3":0,"4":0,"5":0,"6":0},"(2, 0, 0, 3)":{"0":0,"1":0,"2":0,"3":0,"4":0,"5":0,"6":0},"(2, 0, 1, 0)":{"0":0.992232044198895,"1":0,"2":0,"3":0,"4":0,"5":0,"6":0},"(2, 0, 1, 1)":{"0":0,"1":0,"2":0,"3":0,"4":-0.042760942760942826,"5":0,"6":0},"(2, 0, 1, 2)":{"0":0,"1":0,"2":0,"3":0,"4":0,"5":0,"6":0},"(2, 0, 1, 3)":{"0":0,"1":0,"2":0,"3":0,"4":0,"5":0,"6":0},"(2, 0, 2, 0)":{"0":0.9919944751381214,"1":0,"2":0,"3":0,"4":0,"5":0,"6":0},"(2, 0, 2, 1)":{"0":0,"1":0,"2":-0.03204419889502761,"3":0,"4":0.0,"5":0,"6":0},"(2, 0, 2, 2)":{"0":0,"1":0,"2":0,"3":0,"4":0,"5":0,"6":0},"(2, 0, 2, 3)":{"0":0,"1":0.019889502762430934,"2":0,"3":0,"4":0,"5":0,"6":0},"(2, 0, 3, 0)":{"0":0,"1":-0.02928176795580093,"2":-0.03342541436464082,"3":0,"4":0,"5":0,"6":0},"(2, 0, 3, 1)":{"0":0,"1":0,"2":0,"3":0,"4":0,"5":0,"6":0},"(2, 0, 3, 2)":{"0":0,"1":0,"2":0,"3":0,"4":0,"5":0,"6":0},"(2, 0, 3, 3)":{"0":0,"1":0.019508287292817707,"2":0,"3":0,"4":0,"5":0,"6":0},"(2, 1, 0, 0)":{"0":0,"1":0,"2":0,"3":0,"4":0.0,"5":0,"6":0},"(2, 1, 0, 1)":{"0":0,"1":0,"2":0,"3":0,"4":0,"5":0,"6":0},"(2, 1, 0, 2)":{"0":0,"1":0,"2":0,"3":0,"4":0,"5":0.0,"6":0},"(2, 1, 0, 3)":{"0":0,"1":-11.02182320441989,"2":0,"3":-3.314917127070771e-5,"4":0,"5":0.0,"6":0},