{"steps": [0, 1, 2, 3, 4, 5, 6, 7, 8, 9, 10, 11, 12, 13, 14, 15, 16, 17, 18, 19, 20, 21, 22, 23, 24, 25, 26, 27, 28, 29, 30, 31, 32, 33, 34, 35, 36, 37, 38, 39, 40, 41, 42, 43, 44, 45, 46, 47, 48, 49, 50, 51, 52, 53, 54, 55, 56, 57, 58, 59, 60, 61, 62, 63, 64, 65, 66, 67, 68, 69, 70, 71, 72, 73, 74, 75, 76, 77, 78, 79, 80, 81, 82, 83, 84, 85, 86, 87, 88, 89, 90, 91, 92, 93, 94, 95, 96, 97, 98, 99], "rewards": [-0.38640883977900575, -10.95, -10.95, -11.22544850498339, -11.654019933554817, -21.86, -21.86, -22.368417508417508, -132.86, -133.2472053872054, -133.2472053872054, -133.05212251427724, -133.37256450322752, -143.73720538720542, -143.73720538720542, -144.06913229750444, -143.79913229750443, -144.0612585433516, -144.62018110227416, -154.67405315614621, -154.67405315614621, -264.44000000000005, -264.57474747474754, -264.9145264802724, -265.85673642502377, -275.9147474747475, -275.9147474747475, -286.19000000000005, -286.19000000000005, -396.59000000000003, -385.86624309392266, -375.46845303867406, -375.8239347662488, -385.97845303867405, -385.97845303867405, -386.26922744944846, -386.13922744944847, -396.14077441077444, -396.14077441077444, -506.73, -507.29353591160225, -507.37991464914376, -507.3918083368514, -507.5537352471504, -517.6135359116023, -517.6135359116023, -528.0500000000001, -528.0500000000001, -517.73, -628.73, -628.7341414141414, -628.7615488215488, -638.9399999999999, -638.9399999999999, -639.2328176795579, -629.3128729281767, -639.7299999999999, -639.7299999999999, -639.7318604651161, -640.2036212624583, -750.2899999999998, -750.6488039867108, -750.9248982628051, -750.6348982628051, -761.1388039867109, -761.1388039867109, -761.2053233237274, -761.2728923845009, -761.6283741120757, -751.4683741120757, -750.8283741120757, -760.99408839779, -760.99408839779, -751.0717679558011, -861.29, -861.2903314917127, -861.2903314917127, -861.0914364640884, -861.5190458916978, -861.8201508640735, -871.9776094276094, -871.9776094276094, -872.9144865040214, -882.9776094276094, -882.9776094276094, -883.0114478114479, -993.2, -1004.0, -1004.0, -1004.4767441860465, -994.1767441860466, -993.5167441860466, -993.3967441860466, -993.730998329693, -994.1811088269305, -994.1767441860466, -994.1767441860466, -1104.2, -1104.1151933701658, -1104.1151933701658], "win_rate": [0, 0, 0, 0, 0, 0, 0, 0, 0.0, 0.0, 0.0, 0.0, 0.0, 0.0, 0.0, 0.0, 0.0, 0.0, 0.0, 0.0, 0.0, 0.0, 0.0, 0.0, 0.0, 0.0, 0.0, 0.0, 0.0, 0.0, 0.0, 0.0, 0.0, 0.0, 0.0, 0.0, 0.0, 0.0, 0.0, 0.0, 0.0, 0.0, 0.0, 0.0, 0.0, 0.0, 0.0, 0.0, 0.0, 0.0, 0.0, 0.0, 0.0, 0.0, 0.0, 0.0, 0.0, 0.0, 0.0, 0.0, 0.0, 0.0, 0.0, 0.0, 0.0, 0.0, 0.0, 0.0, 0.0, 0.0, 0.0, 0.0, 0.0, 0.0, 0.0, 0.0, 0.0, 0.0, 0.0, 0.0, 0.0, 0.0, 0.0, 0.0, 0.0, 0.0, 0.0, 0.0, 0.0, 0.0, 0.0, 0.0, 0.0, 0.0, 0.0, 0.0, 0.0, 0.0, 0.0, 0.0]}