{"(0, 0, 0, 0)":{"0":0,"1":0,"2":0,"3":0,"4":0,"5":0,"6":0},"(0, 0, 0, 1)":{"0":0,"1":0,"2":0,"3":0,"4":0,"5":0,"6":0},"(0, 0, 0, 2)":{"0":0,"1":0,"2":0,"3":0,"4":0,"5":0,"6":0},"(0, 0, 0, 3)":{"0":0,"1":0,"2":0,"3":0,"4":0,"5":0,"6":0},"(0, 0, 1, 0)":{"0":0,"1":0,"2":0,"3":0,"4":0,"5":0,"6":0},"(0, 0, 1, 1)":{"0":0,"1":0,"2":0,"3":0,"4":0,"5":0,"6":0},"(0, 0, 1, 2)":{"0":0,"1":0,"2":0,"3":0,"4":0,"5":0,"6":0},"(0, 0, 1, 3)":{"0":0,"1":0,"2":0,"3":0,"4":0,"5":0,"6":0},"(0, 0, 2, 0)":{"0":0,"1":0,"2":0,"3":0,"4":0,"5":0,"6":0},"(0, 0, 2, 1)":{"0":0,"1":0,"2":0,"3":0,"4":0,"5":0,"6":0},"(0, 0, 2, 2)":{"0":0,"1":0,"2":0,"3":0,"4":0,"5":0,"6":0},"(0, 0, 2, 3)":{"0":0,"1":0,"2":0,"3":0,"4":0,"5":0,"6":0},"(0, 0, 3, 0)":{"0":0,"1":0,"2":0,"3":0,"4":0,"5":0,"6":0},"(0, 0, 3, 1)":{"0":0,"1":0,"2":0,"3":0.0028000000000000026,"4":0,"5":0,"6":0},"(0, 0, 3, 2)":{"0":0,"1":0,"2":0,"3":0,"4":0,"5":0.029999999999999985,"6":0},"(0, 0, 3, 3)":{"0":0,"1":0,"2":0,"3":0,"4":0,"5":0,"6":0},"(0, 1, 0, 0)":{"0":0,"1":0,"2":0,"3":0,"4":0,"5":0,"6":0},"(0, 1, 0, 1)":{"0":0,"1":0,"2":0,"3":0,"4":0,"5":0,"6":0},"(0, 1, 0, 2)":{"0":0,"1":0,"2":0,"3":0,"4":0,"5":0,"6":0},"(0, 1, 0, 3)":{"0":0,"1":0,"2":0,"3":0,"4":0,"5":0,"6":0},"(0, 1, 1, 0)":{"0":0,"1":0,"2":0,"3":0,"4":0,"5":0,"6":0},"(0, 1, 1, 1)":{"0":0,"1":0,"2":0,"3":0,"4":0,"5":0,"6":0},"(0, 1, 1, 2)":{"0":0,"1":0,"2":0,"3":0,"4":0,"5":0,"6":0},"(0, 1, 1, 3)":{"0":0,"1":0,"2":0,"3":0,"4":0,"5":0,"6":0},"(0, 1, 2, 0)":{"0":0,"1":0,"2":0,"3":0,"4":0,"5":0,"6":0},"(0, 1, 2, 1)":{"0":0,"1":0,"2":0,"3":0,"4":0,"5":0,"6":0},"(0, 1, 2, 2)":{"0":0,"1":0,"2":0,"3":0,"4":0,"5":0,"6":0},"(0, 1, 2, 3)":{"0":0,"1":0,"2":0,"3":0,"4":0,"5":0,"6":0},"(0, 1, 3, 0)":{"0":0,"1":0,"2":0,"3":0,"4":0,"5":0,"6":0},"(0, 1, 3, 1)":{"0":0,"1":0,"2":0,"3":0,"4":0,"5":0,"6":0},"(0, 1, 3, 2)":{"0":0,"1":0,"2":0,"3":0,"4":0,"5":0,"6":0},"(0, 1, 3, 3)":{"0":0,"1":0,"2":0,"3":0,"4":0,"5":0,"6":0},"(0, 2, 0, 0)":{"0":0,"1":0,"2":0,"3":0,"4":0,"5":0,"6":0},"(0, 2, 0, 1)":{"0":0,"1":0,"2":0,"3":0,"4":0,"5":0,"6":0},"(0, 2, 0, 2)":{"0":0,"1":0,"2":0,"3":0,"4":0,"5":0.0,"6":0},"(0, 2, 0, 3)":{"0":0,"1":0,"2":0,"3":0,"4":0,"5":0,"6":0},"(0, 2, 1, 0)":{"0":0,"1":0,"2":0,"3":0,"4":0,"5":0,"6":0},"(0, 2, 1, 1)":{"0":0,"1":0,"2":0,"3":0,"4":0,"5":0,"6":0},"(0, 2, 1, 2)":{"0":-1.063973063973064,"1":0,"2":0,"3":0,"4":0,"5":0,"6":0},"(0, 2, 1, 3)":{"0":0,"1":0,"2":0,"3":0,"4":0,"5":0,"6":0},"(0, 2, 2, 0)":{"0":0,"1":0,"2":0,"3":0,"4":0,"5":0,"6":0},"(0, 2, 2, 1)":{"0":0,"1":0,"2":0,"3":0,"4":0,"5":0,"6":0},"(0, 2, 2, 2)":{"0":0,"1":0,"2":0,"3":0,"4":0,"5":0,"6":0},"(0, 2, 2, 3)":{"0":0,"1":0,"2":0,"3":0,"4":0,"5":0,"6":0},"(0, 2, 3, 0)":{"0":0,"1":0,"2":0,"3":0,"4":0,"5":0,"6":0},"(0, 2, 3, 1)":{"0":0,"1":0,"2":0,"3":0,"4":0,"5":0,"6":0},"(0, 2, 3, 2)":{"0":0,"1":0,"2":0,"3":0,"4":0,"5":0,"6":0},"(0, 2, 3, 3)":{"0":0,"1":0,"2":0,"3":0,"4":0.014173063973064037,"5":0,"6":0},"(1, 0, 0, 0)":{"0":0,"1":0,"2":0,"3":0,"4":0,"5":0,"6":0},"(1, 0, 0, 1)":{"0":0,"1":0,"2":0,"3":0,"4":0,"5":0,"6":0},"(1, 0, 0, 2)":{"0":0,"1":0,"2":0,"3":0,"4":0,"5":0,"6":0},"(1, 0, 0, 3)":{"0":0,"1":0,"2":0,"3":0,"4":0,"5":0,"6":0},"(1, 0, 1, 0)":{"0":0,"1":0,"2":0,"3":0,"4":0,"5":0,"6":0},"(1, 0, 1, 1)":{"0":0,"1":0,"2":0,"3":0,"4":0,"5":0,"6":0},"(1, 0, 1, 2)":{"0":0,"1":0,"2":0,"3":0,"4":0,"5":0,"6":0},"(1, 0, 1, 3)":{"0":0,"1":0,"2":0,"3":0,"4":0,"5":0,"6":0},"(1, 0, 2, 0)":{"0":0,"1":0,"2":0,"3":0,"4":0,"5":0,"6":0},"(1, 0, 2, 1)":{"0":0,"1":0,"2":0,"3":0,"4":0,"5":0,"6":0},"(1, 0, 2, 2)":{"0":0,"1":0,"2":0,"3":0,"4":0,"5":0,"6":0},"(1, 0, 2, 3)":{"0":0,"1":0,"2":0,"3":0,"4":0,"5":0,"6":0},"(1, 0, 3, 0)":{"0":0,"1":0,"2":0,"3":0,"4":0,"5":0,"6":0},"(1, 0, 3, 1)":{"0":0,"1":0,"2":0,"3":0,"4":0,"5":0,"6":0},"(1, 0, 3, 2)":{"0":0,"1":0,"2":0,"3":0,"4":0,"5":0,"6":0},"(1, 0, 3, 3)":{"0":0,"1":0,"2":0,"3":0,"4":0,"5":0,"6":0},"(1, 1, 0, 0)":{"0":0,"1":0,"2":0,"3":0,"4":0,"5":0,"6":0},"(1, 1, 0, 1)":{"0":0,"1":0,"2":0,"3":0,"4":0,"5":0,"6":0},"(1, 1, 0, 2)":{"0":0,"1":0,"2":0,"3":0,"4":0,"5":0,"6":0},"(1, 1, 0, 3)":{"0":0,"1":0,"2":0,"3":0,"4":0,"5":0,"6":0},"(1, 1, 1, 0)":{"0":0,"1":0,"2":0,"3":0,"4":0,"5":0,"6":0},"(1, 1, 1, 1)":{"0":0,"1":0,"2":0,"3":0,"4":0,"5":0,"6":0},"(1, 1, 1, 2)":{"0":0,"1":0,"2":0,"3":0,"4":0,"5":0,"6":0},"(1, 1, 1, 3)":{"0":0,"1":0,"2":0,"3":0,"4":0,"5":0,"6":0},"(1, 1, 2, 0)":{"0":0,"1":0,"2":0,"3":0,"4":0,"5":0,"6":0},"(1, 1, 2, 1)":{"0":0,"1":0,"2":0,"3":0,"4":0,"5":0,"6":0},"(1, 1, 2, 2)":{"0":0,"1":0,"2":0,"3":0,"4":0,"5":0,"6":0},"(1, 1, 2, 3)":{"0":0,"1":0,"2":0,"3":0,"4":0,"5":0,"6":0},"(1, 1, 3, 0)":{"0":0,"1":0,"2":0,"3":0,"4":0,"5":0,"6":0},"(1, 1, 3, 1)":{"0":0,"1":0,"2":0,"3":0,"4":0,"5":0,"6":0},"(1, 1, 3, 2)":{"0":0,"1":0,"2":0,"3":0,"4":0,"5":0,"6":0},"(1, 1, 3, 3)":{"0":0,"1":0,"2":0,"3":0,"4":0,"5":0,"6":0},"(1, 2, 0, 0)":{"0":0,"1":0,"2":0,"3":0,"4":0,"5":0,"6":0},"(1, 2, 0, 1)":{"0":0,"1":0,"2":0,"3":0,"4":0,"5":0,"6":0},"(1, 2, 0, 2)":{"0":0,"1":0,"2":0,"3":0,"4":0,"5":0,"6":0},"(1, 2, 0, 3)":{"0":0,"1":0,"2":0,"3":0,"4":0,"5":0,"6":0},"(1, 2, 1, 0)":{"0":0,"1":0,"2":0,"3":0,"4":0,"5":0,"6":0},"(1, 2, 1, 1)":{"0":0,"1":0,"2":0,"3":0,"4":0,"5":0,"6":0},"(1, 2, 1, 2)":{"0":0,"1":0,"2":0,"3":0,"4":0,"5":0,"6":0},"(1, 2, 1, 3)":{"0":0,"1":0,"2":0,"3":0,"4":0,"5":0,"6":0},"(1, 2, 2, 0)":{"0":0,"1":0,"2":0,"3":0,"4":0,"5":0,"6":0},"(1, 2, 2, 1)":{"0":0,"1":0,"2":0,"3":0,"4":0,"5":0,"6":0},"(1, 2, 2, 2)":{"0":0,"1":0,"2":0,"3":0,"4":0,"5":0,"6":0},"(1, 2, 2, 3)":{"0":0,"1":0,"2":0,"3":0,"4":0,"5":0,"6":0},"(1, 2, 3, 0)":{"0":0,"1":0,"2":0,"3":0,"4":0,"5":0,"6":0},"(1, 2, 3, 1)":{"0":0,"1":0,"2":0,"3":0,"4":0,"5":0,"6":0},"(1, 2, 3, 2)":{"0":0,"1":0,"2":0,"3":0,"4":0,"5":0,"6":0},"(1, 2, 3, 3)":{"0":0,"1":0,"2":0,"3":0,"4":0,"5":0,"6":0},"(2, 0, 0, 0)":{"0":0,"1":0,"2":0,"3":0,"4":0,"5":0,"6":0},"(2, 0, 0, 1)":{"0":0,"1":0,"2":0,"3":0,"4":0,"5":0,"6":0},"(2, 0, 0, 2)":{"0":0,"1":0,"2":0,"3":0,"4":0,"5":0,"6":0},"(2, 0, 0, 3)":{"0":0,"1":0,"2":0,"3":0,"4":0,"5":0,"6":0},"(2, 0, 1, 0)":{"0":0,"1":0,"2":0,"3":0,"4":0,"5":0,"6":0},"(2, 0, 1, 1)":{"0":0,"1":0,"2":0,"3":0,"4":0,"5":0,"6":0},"(2, 0, 1, 2)":{"0":0,"1":0,"2":0,"3":0,"4":0,"5":0,"6":0},"(2, 0, 1, 3)":{"0":0,"1":0,"2":0,"3":0,"4":0,"5":0,"6":0},"(2, 0, 2, 0)":{"0":0,"1":0,"2":0,"3":0,"4":0,"5":0,"6":0},"(2, 0, 2, 1)":{"0":1.042,"1":0,"2":0,"3":0,"4":0,"5":0,"6":0},"(2, 0, 2, 2)":{"0":0,"1":0,"2":0,"3":0,"4":0,"5":0,"6":0},"(2, 0, 2, 3)":{"0":0,"1":0,"2":0,"3":0,"4":0,"5":0,"6":0},"(2, 0, 3, 0)":{"0":0,"1":0,"2":0,"3":0,"4":0,"5":0,"6":0},"(2, 0, 3, 1)":{"0":0,"1":0,"2":0,"3":0,"4":0,"5":0,"6":0},"(2, 0, 3, 2)":{"0":0,"1":0,"2":0,"3":0,"4":0,"5":0,"6":0},"(2, 0, 3, 3)":{"0":0,"1":0,"2":0,"3":0,"4":0,"5":0,"6":0},"(2, 1, 0, 0)":{"0":0,"1":0,"2":0,"3":0,"4":0,"5":0,"6":0},"(2, 1, 0, 1)":{"0":0,"1":0,"2":0,"3":0,"4":0,"5":0,"6":0},"(2, 1, 0, 2)":{"0":0,"1":0,"2":0,"3":0,"4":0,"5":0,"6":0},"(2, 1, 0, 3)":{"0":0,"1":0,"2":0,"3":0,"4":0,"5":0,"6":0},"(2, 1, 1, 0)":{"0":0,"1":0,"2":0,"3":0,"4":0,"5":0,"6":0},"(2, 1, 1, 1)":{"0":0,"1":0,"2":0,"3":0,"4":0,"5":0,"6":0},"(2, 1, 1, 2)":{"0":0,"1":0,"2":0,"3":0,"4":0,"5":0,"6":0},"(2, 1, 1, 3)":{"0":0,"1":0,"2":0,"3":0,"4":0,"5":0,"6":0},"(2, 1, 2, 0)":{"0":0,"1":0,"2":0,"3":0,"4":0,"5":0,"6":0},"(2, 1, 2, 1)":{"0":0,"1":0,"2":0,"3":0,"4":0,"5":0,"6":0},"(2, 1, 2, 2)":{"0":0,"1":0,"2":0,"3":0,"4":0,"5":0,"6":0},"(2, 1, 2, 3)":{"0":0,"1":0,"2":-0.014640883977900466,"3":0,"4":0,"5":0,"6":0},"(2, 1, 3, 0)":{"0":0,"1":0,"2":0,"3":0,"4":0,"5":0,"6":0},"(2, 1, 3, 1)":{"0":0,"1":0,"2":0,"3":0,"4":0,"5":0,"6":0},"(2, 1, 3, 2)":{"0":0,"1":0,"2":0,"3":0,"4":0,"5":0,"6":0},"(2, 1, 3, 3)":{"0":0,"1":0,"2":0,"3":0,"4":0,"5":0,"6":0},"(2, 2, 0, 0)":{"0":0,"1":0,"2":0,"3":0,"4":0,"5":0,"6":0},"(2, 2, 0, 1)":{"0":0,"1":0,"2":0,"3":0,"4":0,"5":0,"6":0},"(2, 2, 0, 2)":{"0":0,"1":0,"2":0,"3":0,"4":0,"5":0,"6":0},"(2, 2, 0, 3)":{"0":0,"1":0,"2":0,"3":0,"4":0,"5":0,"6":0},"(2, 2, 1, 0)":{"0":0,"1":0,"2":0,"3":0,"4":0,"5":0,"6":0},"(2, 2, 1, 1)":{"0":0,"1":0,"2":0,"3":0,"4":0,