{"steps": [0, 1, 2, 3, 4, 5, 6, 7, 8, 9], "rewards": [0.28000000000000025, 0.5800000000000001, 0.5800000000000001, 0.4697306397306402, -10.17, -10.17, -10.404806629834255, 0.01519337016574518, -0.13121546961325947, -0.17049723756906054], "win_rate": [0, 0, 0, 0, 0, 0, 0, 0, 0, 0]}