{"episodes": [0, 0, 0, 0, 0, 0, 0, 0, 0, 0, 0, 0, 0, 0, 0, 0, 0, 0, 0, 1, 1, 1, 1, 1, 1, 1, 1, 1, 1, 1, 1, 1, 1, 1, 2, 2, 2, 2, 2, 2, 2, 2, 2, 2, 2, 2, 2, 2, 2, 2, 3, 3, 3, 3, 3, 3, 3, 3, 3, 3, 3, 4, 4, 4, 4, 4, 4, 4, 4, 4, 4, 4, 4, 4, 4, 4, 4, 4, 4, 4, 4, 5, 5, 5, 5, 5, 5, 5, 5, 5, 5, 5, 6, 6, 6, 6, 6, 6, 6, 6, 6, 6, 7, 7, 7, 7, 7, 7, 7, 7, 7, 7, 7, 7, 7, 7, 7, 7, 7, 7, 8, 8, 8, 8, 8, 8, 8, 8, 8, 8, 8, 8, 9, 9, 9, 9, 9, 9, 9, 9, 9], "rewards": [-0.3618604651162789, -0.6705315614617939, -10.829999999999998, -10.829999999999998, -11.005252525252525, -10.655252525252525, -10.736228956228954, -0.4362289562289554, -10.139999999999999, -10.139999999999999, -0.1574585635359096, -0.07745856353590952, -0.08320441988950122, -0.0033149171270712152, -0.01116022099447278, -0.1484530386740297, -0.06580110497237479, 0.004198895027625049, 110.04419889502762, 110.01187845303866, 109.9978453038674, 110.07784530386739, 110.25917420752188, 120.30578550320294, 120.28631706466473, 120.4095064334355, 120.38302802811988, 120.15741341017969, 110.1678453038674, 110.1678453038674, 109.90773480662983, 99.84419889502762, 99.84419889502762, 210.04419889502762, 210.2741988950276, 219.8163251408748, 219.75363411097447, 209.58419889502764, 209.58419889502764, 209.81513812154697, 219.71939226519336, 219.78939226519336, 219.60861785441895, 209.22939226519335, 209.22939226519335, 209.30939226519337, 209.38939226519338, 209.4693922651934, 209.5493922651934, 319.7193922651934, 319.3708872818047, 319.2982294744957, 320.3269337934326, 330.89955837815023, 319.9493922651934, 319.9493922651934, 319.9493922651934, 330.2693922651934, 330.4793370165746, 330.7293370165746, 440.6616574585636, 440.6616574585636, 440.8014913456068, 440.74870064793237, 440.89853453497557, 440.8656109469357, 440.86577705989254, 441.74135845524137, 441.83135845524134, 441.8050793854739, 441.50969732567324, 451.44348470108855, 441.0813584552414, 441.0813584552414, 440.85483911822485, 440.9347286209873, 441.2247286209873, 441.5047286209873, 451.7347286209873, 451.62782254363924, 561.7678225436392, 561.7678225436392, 562.2578225436392, 572.411468952479, 572.661468952479, 572.6656125988878, 562.5378225436392, 562.5378225436392, 563.0878225436392, 573.5378225436392, 572.8600816798519, 683.0900816798519, 683.4100816798519, 683.750081679852, 684.080081679852, 684.440081679852, 694.7600816798521, 683.9800816798521, 683.9800816798521, 684.5900816798521, 694.7600816798521, 804.800081679852, 805.0014105835065, 815.1145999522773, 815.1547328426428, 815.2912444705498, 815.4444006167292, 815.5675899855, 815.3055966300183, 815.2828059323439, 805.2400816798522, 805.2400816798522, 804.974997504768, 805.0592062589767, 815.1492062589767, 815.2162769660474, 815.5862769660474, 805.3000816798522, 805.3000816798522, 915.1883137240511, 904.5238618968086, 904.5238618968086, 904.7238618968087, 904.5500235129703, 904.1676329405797, 894.3238618968086, 894.3238618968086, 894.2380055432175, 894.5180055432174, 904.7580055432175, 914.7980055432174, 1025.1792210128306, 1025.1009889686318, 1025.0852431122782, 1024.9994972559246, 1025.0794972559245, 1025.4094972559244, 1025.7294972559243, 1036.3994972559244, 1036.5994972559245, 1146.549386758687], "win_rate": [0, 0, 0, 0, 0, 0, 0, 0, 0, 0, 0, 0, 0, 0, 0, 0, 0, 0, 1.0, 1.0, 1.0, 1.0, 1.0, 1.0, 1.0, 1.0, 1.0, 1.0, 1.0, 1.0, 1.0, 1.0, 1.0, 1.0, 1.0, 1.0, 1.0, 1.0, 1.0, 1.0, 1.0, 1.0, 1.0, 1.0, 1.0, 1.0, 1.0, 1.0, 1.0, 1.0, 1.0, 1.0, 1.0, 1.0, 1.0, 1.0, 1.0, 1.0, 1.0, 1.0, 1.0, 1.0, 1.0, 1.0, 1.0, 1.0, 1.0, 1.0, 1.0, 1.0, 1.0, 1.0, 1.0, 1.0, 1.0, 1.0, 1.0, 1.0, 1.0, 1.0, 1.0, 1.0, 1.0, 1.0, 1.0, 1.0, 1.0, 1.0, 1.0, 1.0, 1.0, 1.0, 1.0, 1.0, 1.0, 1.0, 1.0, 1.0, 1.0, 1.0, 1.0, 1.0, 1.0, 1.0, 1.0, 1.0, 1.0, 1.0, 1.0, 1.0, 1.0, 1.0, 1.0, 1.0, 1.0, 1.0, 1.0, 1.0, 1.0, 1.0, 1.0, 1.0, 1.0, 1.0, 1.0, 1.0, 1.0, 1.0, 1.0, 1.0, 1.0, 1.0, 1.0, 1.0, 1.0, 1.0, 1.0, 1.0, 1.0, 1.0, 1.0]}