{"(0, 0, 0, 0)":{"0":616.0353903590637,"1":-2.18177542087542,"2":118.246434515836,"3":61.30018838807837,"4":0,"5":482.0692456114624,"6":578.6263937363094},"(0, 0, 0, 1)":{"0":-1.389247104212672,"1":607.6163241081149,"2":35.24650126345533,"3":99.57398601782573,"4":0,"5":524.6727782481918,"6":576.815955603125},"(0, 0, 0, 2)":{"0":12.562341627821795,"1":49.86200160072501,"2":20.15343458910941,"3":435.1794950752424,"4":0,"5":451.1460306737725,"6":440.5010566424946},"(0, 0, 0, 3)":{"0":-3.8728953796673267,"1":-25.97298030217229,"2":544.2443584058416,"3":51.22232946826558,"4":0,"5":609.7277330425015,"6":382.1555553099901},"(0, 0, 1, 0)":{"0":43.5810539417671,"1":61.158314075756486,"2":614.8957953257562,"3":24.91638463088939,"4":0,"5":100.37811184157435,"6":33.155274987612835},"(0, 0, 1, 1)":{"0":41.41513837066171,"1":-0.21020860942760922,"2":107.26655060371213,"3":600.6002982344345,"4":0,"5":52.452334026536775,"6":117.87115996945555},"(0, 0, 1, 2)":{"0":0,"1":0,"2":548.7563468103465,"3":-0.03198653198653201,"4":0,"5":0,"6":0},"(0, 0, 1, 3)":{"0":-0.003303030303030141,"1":545.6231727173742,"2":5.782610440226106,"3":-0.02962962962962941,"4":0,"5":49.56187067169393,"6":0},"(0, 0, 2, 0)":{"0":16.658653720714828,"1":596.9035312309993,"2":42.53894152446628,"3":5.2985743962592435,"4":0,"5":15.85225499382875,"6":0},"(0, 0, 2, 1)":{"0":179.26109388600418,"1":603.3667451061827,"2":-0.0034242424242421966,"3":100.55066605100633,"4":0,"5":0,"6":35.26601853532999},"(0, 0, 2, 2)":{"0":0,"1":582.3419448011689,"2":0,"3":0,"4":0,"5":0,"6":0},"(0, 0, 2, 3)":{"0":56.347549679078746,"1":597.8399640092457,"2":0,"3":18.17974745550948,"4":0,"5":56.29120480091697,"6":26.776520951940935},"(0, 0, 3, 0)":{"0":82.83104784489154,"1":0,"2":19.273408101450023,"3":581.9521804489312,"4":0,"5":0,"6":44.54208753016539},"(0, 0, 3, 1)":{"0":0,"1":0,"2":603.7667064106834,"3":-0.028619528619528725,"4":0,"5":28.814509571050326,"6":0},"(0, 0, 3, 2)":{"0":0,"1":527.5882858324761,"2":0,"3":26.039591081742664,"4":0,"5":0,"6":0},"(0, 0, 3, 3)":{"0":56.15653844975258,"1":147.16331359732135,"2":593.9331268629423,"3":23.126519577826922,"4":0,"5":84.35397866142918,"6":58.07631626450248},"(0, 1, 0, 0)":{"0":50.81080968774299,"1":0,"2":633.2636845525009,"3":-1.1,"4":0,"5":167.8096005771711,"6":582.4181247880734},"(0, 1, 0, 1)":{"0":0,"1":0,"2":615.409071021377,"3":0,"4":0,"5":493.43207091134235,"6":0},"(0, 1, 0, 2)":{"0":1.2625313632393658,"1":0,"2":459.15337935487133,"3":0,"4":0,"5":17.46403406760263,"6":151.91283982599663},"(0, 1, 0, 3)":{"0":644.0823153599587,"1":12.73055836855277,"2":0,"3":33.36443024011533,"4":0,"5":469.17276658312466,"6":590.6909350646149},"(0, 1, 1, 0)":{"0":45.50934818148173,"1":60.26048235785739,"2":632.5838786650932,"3":30.08305383139903,"4":0,"5":94.09106245389069,"6":150.82391862356343},"(0, 1, 1, 1)":{"0":2.8919277494828357,"1":36.52425834321479,"2":617.0939711282872,"3":57.41355096840337,"4":0,"5":0,"6":19.605464071940435},"(0, 1, 1, 2)":{"0":0,"1":14.765640361393707,"2":-0.9704816828448583,"3":-1.046127946127946,"4":0,"5":0,"6":484.31862857870675},"(0, 1, 1, 3)":{"0":643.3500908530682,"1":59.99206107750435,"2":69.0678883253035,"3":0,"4":0,"5":49.88875477563521,"6":62.04659858129227},"(0, 1, 2, 0)":{"0":0,"1":0,"2":0,"3":47.085431785951954,"4":0,"5":0,"6":0},"(0, 1, 2, 1)":{"0":0,"1":135.21048784468493,"2":0,"3":-0.0609427609427609,"4":0,"5":0,"6":0},"(0, 1, 2, 2)":{"0":0,"1":72.38905018622637,"2":0,"3":0,"4":0,"5":0,"6":0},"(0, 1, 2, 3)":{"0":0,"1":377.4567523526891,"2":0,"3":0,"4":0,"5":548.3054808934511,"6":0},"(0, 1, 3, 0)":{"0":0,"1":0,"2":627.3643766626038,"3":0,"4":0,"5":0,"6":0},"(0, 1, 3, 1)":{"0":0,"1":0,"2":596.9377607852913,"3":21.04884801958269,"4":0,"5":0,"6":0},"(0, 1, 3, 2)":{"0":365.52225200427006,"1":0,"2":0,"3":0,"4":0,"5":0,"6":0},"(0, 1, 3, 3)":{"0":99.58387860759484,"1":26.99497592980745,"2":605.6451059323308,"3":20.892357050081937,"4":0,"5":-1.0056478405315614,"6":0},"(0, 2, 0, 0)":{"0":614.1997840606219,"1":0,"2":0,"3":51.445568413832476,"4":0,"5":414.14243166044344,"6":162.35491024130485},"(0, 2, 0, 1)":{"0":-14.560572602831341,"1":0,"2":509.5362717118228,"3":5.663324358876103,"4":0,"5":57.63717551515088,"6":340.9552294743817},"(0, 2, 0, 2)":{"0":-0.03335215946843855,"1":0,"2":570.3615653252876,"3":-0.7085930896440544,"4":0,"5":195.7886195303774,"6":350.93194598767707},"(0, 2, 0, 3)":{"0":38.28457280228496,"1":-10.996171717171718,"2":21.413976761850236,"3":542.7199784294371,"4":0,"5":616.9020534533653,"6":597.5861988528618},"(0, 2, 1, 0)":{"0":0,"1":0,"2":542.1439919407983,"3":-11.057575757575759,"4":0,"5":32.84167617275298,"6":2.907460132123804},"(0, 2, 1, 1)":{"0":-6.547193272321562,"1":-8.76685063453335,"2":120.52274318826463,"3":-4.869895210991154,"4":0,"5":0,"6":25.691795272119286},"(0, 2, 1, 2)":{"0":-18.75001119118294,"1":-18.30694706330605,"2":-18.24803253160463,"3":362.0888317018653,"4":0,"5":3.172973853620635,"6":542.7085952085816},"(0, 2, 1, 3)":{"0":73.37296435805933,"1":551.2619766791236,"2":65.35695641107341,"3":27.105186406841323,"4":0,"5":624.3075150861655,"6":59.939708970563515},"(0, 2, 2, 0)":{"0":0,"1":0,"2":282.0746977125553,"3":0,"4":0,"5":8.668854010752362,"6":0},"(0, 2, 2, 1)":{"0":-11.051063973063973,"1":28.065094202047256,"2":0,"3":0,"4":0,"5":0,"6":0},"(0, 2, 2, 2)":{"0":0,"1":0,"2":0,"3":111.45477417372916,"4":0,"5":0,"6":404.17120699353393},"(0, 2, 2, 3)":{"0":-0.9837917428450647,"1":-0.08570708604848286,"2":498.2785735446872,"3":0,"4":0,"5":-0.027574750830564557,"6":60.072942657302235},"(0, 2, 3, 0)":{"0":45.41730284197814,"1":588.0300147161274,"2":0,"3":48.85378001318474,"4":0,"5":0,"6":0},"(0, 2, 3, 1)":{"0":15.097234309173867,"1":-25.889868952836295,"2":494.2358574175134,"3":-18.945591695864728,"4":0,"5":0,"6":0},"(0, 2, 3, 2)":{"0":-18.55119495121641,"1":-18.909678565576534,"2":279.22693166398466,"3":-18.372370850376214,"4":0,"5":0,"6":570.9777911157844},"(0, 2, 3, 3)":{"0":32.812153445372296,"1":-12.480704167082363,"2":9.178839937977113,"3":462.0890778604392,"4":0,"5":609.8908698693756,"6":555.6088539886811},"(1, 0, 0, 0)":{"0":549.9023007433327,"1":-11.000332225913622,"2":36.66457637023286,"3":60.731376347498944,"4":319.129099116803,"5":0,"6":477.61475422367624},"(1, 0, 0, 1)":{"0":37.268065731260165,"1":-8.584786694889104,"2":14.229064188173544,"3":448.5575739075906,"4":253.35031408864742,"5":0,"6":560.8881066608596},"(1, 0, 0, 2)":{"0":-1.003654485049834,"1":489.7038079345721,"2":-1.0043189368770766,"3":6.736313411173415,"4":462.62852420701154,"5":0,"6":84.35953462481726},"(1, 0, 0, 3)":{"0":577.6606564134756,"1":-15.956346800876481,"2":66.31214144109171,"3":-1.3590024309489497,"4":595.13067408803,"5":0,"6":628.7291929000189},"(1, 0, 1, 0)":{"0":552.5156813856222,"1":-16.320881141832885,"2":19.80593773163217,"3":28.485794851965643,"4":0,"5":0,"6":37.36971977579117},"(1, 0, 1, 1)":{"0":273.89333972446775,"1":-0.6007356585026002,"2":-10.146586859959854,"3":-10.504648741074488,"4":6.52782878749276,"5":0,"6":-0.3975904563919538},"(1, 0, 1, 2)":{"0":311.1736219918383,"1":-14.993459298196944,"2":-10.599491197846845,"3":-15.7875280861637,"4":0,"5":0,"6":40.59101764752564},"(1, 0, 1, 3)":{"0":-13.738015973446831,"1":441.0994618368236,"2":4.029841174449766,"3":10.18666289818712,"4":576.7481879986285,"5":0,"6":641.8078172276976},"(1, 0, 2, 0)":{"0":383.1104791190619,"1":-6.912338407191927,"2":0,"3":0,"4":0,"5":0,"6":0},"(1, 0, 2, 1)":{"0":0,"1":18.76770663042825,"2":0,"3":-1.0715574750830565,"4":0,"5":0,"6":0},"(1, 0, 2, 2)":{"0":64.64120619055353,"1":0,"2":0,"3":-5.346263874258089,"4":0,"5":0,"6":0},"(1, 0, 2, 3)":{"0":-1.0189836684560556,"1":36.81763708559383,"2":326.40710773899883,"3":-1.073001926910299,"4":490.74358372699123,"5":0,"6":620.0182668696585},"(1, 0, 3, 0)":{"0":-15.83652400787848,"1":-10.84484417071043,"2":-11.007179624435516,"3":489.5572429289849,"4":0,"5":0,"6":4.596450936588562},"(1, 0, 3, 1)":{"0":46.84635511003434,"1":309.76199121381336,"2":-8.032395856588462,"3":-11.013103852174611,