{"(0, 0, 0, 0)":{"0":13.156736567352581,"1":-1.0291052059266699,"2":5.797852914878577,"3":-1.0255892255892258,"4":0,"5":0.7952590044142386,"6":6.471544492930281},"(0, 0, 0, 1)":{"0":-34.93791117144945,"1":-42.9600037936288,"2":-44.75923348840416,"3":-40.54477775032542,"4":0,"5":-2.9042315558204876,"6":8.023454636514643},"(0, 0, 0, 2)":{"0":-19.407023629553656,"1":-21.59448291319783,"2":-10.892547050418743,"3":-19.22354391012197,"4":0,"5":-0.6147674848419938,"6":3.081786077145867},"(0, 0, 0, 3)":{"0":-34.573674337840394,"1":-43.50044338291621,"2":-38.605710594634225,"3":-40.16058489571352,"4":0,"5":-3.946357274407707,"6":13.479579557100655},"(0, 0, 1, 0)":{"0":0,"1":27.6637235065401,"2":11.984429621739338,"3":0,"4":0,"5":0,"6":0},"(0, 0, 1, 1)":{"0":-0.7410545993025462,"1":-0.8339109121733916,"2":-0.9767205387205385,"3":2.761317637947225,"4":0,"5":-1.028146013265389,"6":6.7964720091621675},"(0, 0, 1, 2)":{"0":0,"1":0,"2":3.692775121032011,"3":-0.03198653198653192,"4":0,"5":0,"6":0},"(0, 0, 1, 3)":{"0":1.9757073724466452,"1":0,"2":0,"3":0,"4":0,"5":0,"6":1.5424224035884024},"(0, 0, 2, 0)":{"0":15.232444474169792,"1":-0.03115902323109032,"2":0,"3":1.3982873110072498,"4":0,"5":-0.5536335101170404,"6":0.23247455730226946},"(0, 0, 2, 1)":{"0":0,"1":11.310149101586397,"2":1.2719532420232225,"3":0.13500335713758443,"4":0,"5":0,"6":0},"(0, 0, 2, 2)":{"0":0,"1":0,"2":7.36780806896225,"3":0,"4":0,"5":-1.960600075373447,"6":0},"(0, 0, 2, 3)":{"0":-0.02644612794612794,"1":3.3456609454826327,"2":-0.025334514141414216,"3":0.04059868797347985,"4":0,"5":-1.0235880398671096,"6":-0.9593218923362118},"(0, 0, 3, 0)":{"0":1.715587986726969,"1":0,"2":0,"3":11.317175521142792,"4":0,"5":0,"6":0},"(0, 0, 3, 1)":{"0":0,"1":1.2570921900224037,"2":9.972609242468632,"3":0.6330549265983499,"4":0,"5":-0.9698620485640618,"6":0},"(0, 0, 3, 2)":{"0":0.358306120298699,"1":6.935198354186054,"2":0,"3":0,"4":0,"5":0,"6":0},"(0, 0, 3, 3)":{"0":0.2657984784366283,"1":0,"2":5.561073018269651,"3":0,"4":0,"5":0,"6":0.17385303046505526},"(0, 1, 0, 0)":{"0":1.116267425514559,"1":25.81952737193516,"2":0,"3":0.0924164663214555,"4":0,"5":6.868798321304836,"6":0.009558700328384295},"(0, 1, 0, 1)":{"0":0,"1":-0.9656734006734006,"2":12.669179284508132,"3":-1.0030303030303032,"4":0,"5":1.7503332063427026,"6":-0.02427651337410357},"(0, 1, 0, 2)":{"0":47.492813026509765,"1":0,"2":0,"3":0,"4":0,"5":0.0,"6":5.400951173129297},"(0, 1, 0, 3)":{"0":35.1444232534459,"1":-0.8521197712897758,"2":-10.946699121759078,"3":0,"4":0,"5":2.1424516980597232,"6":13.247935727045519},"(0, 1, 1, 0)":{"0":27.297721811747998,"1":0,"2":1.3121111318403336,"3":0,"4":0,"5":-0.7389948967040674,"6":0},"(0, 1, 1, 1)":{"0":0,"1":0,"2":23.099620238793243,"3":0,"4":0,"5":0,"6":0},"(0, 1, 1, 2)":{"0":0,"1":0,"2":7.693410236559869,"3":0,"4":0,"5":0,"6":0},"(0, 1, 1, 3)":{"0":17.397008843806354,"1":-0.9994987373737374,"2":-9.746166237809625,"3":-10.718731385572463,"4":0,"5":0.11146903119263185,"6":-1.0775757482818549},"(0, 1, 2, 0)":{"0":0,"1":0,"2":0,"3":0,"4":0,"5":0,"6":0},"(0, 1, 2, 1)":{"0":0,"1":0,"2":0,"3":0,"4":0,"5":0,"6":0},"(0, 1, 2, 2)":{"0":0,"1":0,"2":0,"3":0,"4":0,"5":0,"6":0},"(0, 1, 2, 3)":{"0":0,"1":0,"2":0,"3":18.406235250545613,"4":0,"5":-0.9742289922499062,"6":0},"(0, 1, 3, 0)":{"0":1.1425088002797679,"1":12.681892442835023,"2":0,"3":0.3276631614172639,"4":0,"5":0,"6":0},"(0, 1, 3, 1)":{"0":0,"1":0,"2":22.53095351248264,"3":0,"4":0,"5":0,"6":0},"(0, 1, 3, 2)":{"0":0,"1":8.662479541534987,"2":0,"3":0,"4":0,"5":0,"6":0},"(0, 1, 3, 3)":{"0":18.35620595176825,"1":0,"2":0,"3":0,"4":0,"5":0,"6":0},"(0, 2, 0, 0)":{"0":0,"1":29.40939316594273,"2":-0.04518272425249173,"3":0,"4":0,"5":2.469218805181693,"6":7.918258655159043},"(0, 2, 0, 1)":{"0":-15.59017386856661,"1":-11.002222222222223,"2":-7.244528013569119,"3":-11.72319250829978,"4":0,"5":11.026477904130306,"6":3.410110791980425},"(0, 2, 0, 2)":{"0":-10.977090909090911,"1":-1.3372484129901774,"2":-10.982496985739258,"3":-11.68669668028814,"4":0,"5":2.18947651410215,"6":0.09406053298955373},"(0, 2, 0, 3)":{"0":-32.53268643611978,"1":-34.08156530978249,"2":-36.258106004193316,"3":-32.81748034716661,"4":0,"5":6.883993550007767,"6":1.5534588238108673},"(0, 2, 1, 0)":{"0":-11.032530020885716,"1":0,"2":48.999337251393804,"3":-11.00182779173733,"4":0,"5":0,"6":0},"(0, 2, 1, 1)":{"0":-11.82447023715953,"1":-9.936888009306129,"2":-10.122684011740377,"3":-19.57229502604003,"4":0,"5":12.22303898647241,"6":-0.553840875636393},"(0, 2, 1, 2)":{"0":-10.510141534282596,"1":-0.556443686162777,"2":0,"3":-10.91214844645319,"4":0,"5":0,"6":0.559997580297712},"(0, 2, 1, 3)":{"0":-48.15590538220236,"1":-45.28674059528557,"2":-46.28117876588264,"3":-41.712621070401205,"4":0,"5":6.986355854896807,"6":-1.7912087910479586},"(0, 2, 2, 0)":{"0":9.948022642661421,"1":0,"2":0,"3":0,"4":0,"5":0,"6":0},"(0, 2, 2, 1)":{"0":-1.0384156898486232,"1":0,"2":0,"3":0,"4":0,"5":1.0435623109763439,"6":0},"(0, 2, 2, 2)":{"0":0,"1":0,"2":0,"3":0,"4":0,"5":0,"6":0},"(0, 2, 2, 3)":{"0":-1.0514693414387863,"1":-11.0317906057743,"2":-1.0401556286951383,"3":-1.0672465202256378,"4":0,"5":4.768372530760692,"6":-0.8757577310821395},"(0, 2, 3, 0)":{"0":-9.509923889848798,"1":-8.734820983142486,"2":21.921702787199603,"3":0,"4":0,"5":0,"6":0},"(0, 2, 3, 1)":{"0":-10.53336842874468,"1":-1.012144788514311,"2":-9.135364148099217,"3":-11.088522538133809,"4":0,"5":7.896795358951178,"6":0},"(0, 2, 3, 2)":{"0":-1.078,"1":-11.872000548851156,"2":-0.2764517182668319,"3":-11.037127239582247,"4":0,"5":7.5708103383964085,"6":-0.6613539584708013},"(0, 2, 3, 3)":{"0":-30.580648915789283,"1":-30.371031060182926,"2":-34.71765730867633,"3":-38.03474507694119,"4":0,"5":6.255216709739504,"6":-1.0892153997439036},"(1, 0, 0, 0)":{"0":-12.579509783416835,"1":-20.075476282319535,"2":-22.42497281587223,"3":-24.46571965912189,"4":1.283702801423099,"5":0,"6":2.3602379422793685},"(1, 0, 0, 1)":{"0":-30.667576971799043,"1":-18.62924283679125,"2":-29.08550973455576,"3":-27.4546811531306,"4":2.301931971603143,"5":0,"6":0.30333504236932207},"(1, 0, 0, 2)":{"0":-18.418352990885946,"1":-9.67718890491006,"2":-20.579112154827563,"3":-11.704075277900264,"4":0.7740338520806401,"5":0,"6":-0.41964048029810536},"(1, 0, 0, 3)":{"0":-36.3722196691041,"1":-20.88819560744927,"2":-34.43056404455966,"3":-35.1571962648046,"4":3.190482243013082,"5":0,"6":9.014325469595041},"(1, 0, 1, 0)":{"0":27.11319597133871,"1":-10.902170721110203,"2":-10.853152320935632,"3":-9.46098992949247,"4":0,"5":0,"6":0.6951978129253822},"(1, 0, 1, 1)":{"0":-16.272354528611714,"1":-19.62790658968258,"2":-20.909040260479927,"3":-20.648192293184923,"4":-1.4186053254008848,"5":0,"6":-1.0104972375690608},"(1, 0, 1, 2)":{"0":0.6141001720831598,"1":-0.9849115168903979,"2":0.0,"3":-11.004180619880431,"4":0,"5":0,"6":-1.0223756906077348},"(1, 0, 1, 3)":{"0":-29.540849906435295,"1":-27.35061900604032,"2":-29.46356356965628,"3":-30.017511532766274,"4":1.3952673401731843,"5":0,"6":14.359453462375756},"(1, 0, 2, 0)":{"0":10.083102945948472,"1":0,"2":0.0,"3":-0.9566767119190625,"4":0,"5":0,"6":0},"(1, 0, 2, 1)":{"0":0,"1":-10.958988160676746,"2":0,"3":0,"4":0,"5":0,"6":0},"(1, 0, 2, 2)":{"0":0,"1":0,"2":0,"3":0.03105546090975498,"4":0,"5":0,"6":-0.9975958038230829},"(1, 0, 2, 3)":{"0":-11.983708197768598,"1":-11.735145585337875,"2":-11.669978931122749,"3":-13.059802087287096,"4":1.366162917631753,"5":0,"6":-2.060196928772653},"(1, 0, 3, 0)":{"0":-40.50168270122315,"1":-43.42355247156577,"2":-38.2992438795023,"3":-41.905062934877606,"4":0.21317094297126363,"5":0,"6":-2.062820406466298},"(1, 0, 3, 1)":{"0":-20.82039103895136,"1":-11.483566147099058,"2":-11.082363767202063,"3":-11.47919610263846,"4":1.8190579442411918,"5":0,"6":-0.8286643436374187},"(1, 0, 3, 2)":{"0":0,"1":-1.0533390176252246,"2":-1.0985547080402143,"3":-1.0325924036725358,"4":0,"5":0,"6":1.3649062318060414},"(1, 0, 3, 3)":{"0":-27.438877904197376,"1":-20.85651497969544,"2":-20.646279741906824,"3":-21.05414508989841,"4":0.07293389906200816,