{"(0, 0, 0, 0)":{"0":0,"1":0,"2":0,"3":0,"4":0,"5":0,"6":0.0},"(0, 0, 0, 1)":{"0":0,"1":-0.031202657807308933,"2":0,"3":-11.014814814814816,"4":0,"5":0,"6":0},"(0, 0, 0, 2)":{"0":0,"1":0,"2":0,"3":0,"4":0,"5":0,"6":0},"(0, 0, 0, 3)":{"0":0,"1":0,"2":0,"3":0,"4":0,"5":0,"6":0},"(0, 0, 1, 0)":{"0":-1.0387205387205387,"1":1.0250000000000001,"2":0,"3":0,"4":0,"5":0,"6":0},"(0, 0, 1, 1)":{"0":0,"1":0,"2":0,"3":-0.029292929292929062,"4":0,"5":0,"6":0},"(0, 0, 1, 2)":{"0":0,"1":0,"2":0,"3":0,"4":0,"5":0,"6":0},"(0, 0, 1, 3)":{"0":0,"1":0,"2":0,"3":0,"4":0,"5":0,"6":0},"(0, 0, 2, 0)":{"0":0,"1":0,"2":0,"3":0,"4":0,"5":0,"6":0},"(0, 0, 2, 1)":{"0":0,"1":0.00370707070707077,"2":0,"3":-0.02794612794612803,"4":0,"5":0,"6":0},"(0, 0, 2, 2)":{"0":0,"1":0,"2":0.007696969696969803,"3":0,"4":0,"5":0,"6":0},"(0, 0, 2, 3)":{"0":0,"1":0,"2":0,"3":0,"4":0,"5":0,"6":0},"(0, 0, 3, 0)":{"0":0,"1":0,"2":0,"3":0,"4":0,"5":0,"6":0},"(0, 0, 3, 1)":{"0":0,"1":0,"2":0,"3":0,"4":0,"5":0,"6":0},"(0, 0, 3, 2)":{"0":0.00034545454545448044,"1":0,"2":0,"3":0,"4":0,"5":0,"6":0},"(0, 0, 3, 3)":{"0":-0.0009764309764310752,"1":0,"2":0,"3":0,"4":0,"5":0,"6":0},"(0, 1, 0, 0)":{"0":0,"1":0,"2":0,"3":0,"4":0,"5":0,"6":0.0},"(0, 1, 0, 1)":{"0":0,"1":-0.9868653198653199,"2":0,"3":0,"4":0,"5":0,"6":0.04872016574585636},"(0, 1, 0, 2)":{"0":0,"1":0,"2":0,"3":0,"4":0,"5":0,"6":0},"(0, 1, 0, 3)":{"0":0,"1":0,"2":0,"3":0,"4":0,"5":0,"6":0},"(0, 1, 1, 0)":{"0":-1.0484848484848486,"1":0,"2":0,"3":0,"4":0,"5":0,"6":-0.03839779005524857},"(0, 1, 1, 1)":{"0":0,"1":0,"2":0,"3":0,"4":0,"5":0,"6":0},"(0, 1, 1, 2)":{"0":0,"1":0,"2":0,"3":0,"4":0,"5":0,"6":0.017852209944751285},"(0, 1, 1, 3)":{"0":1.1,"1":0,"2":0,"3":0,"4":0,"5":0,"6":0},"(0, 1, 2, 0)":{"0":0,"1":0,"2":0,"3":0,"4":0,"5":0,"6":0},"(0, 1, 2, 1)":{"0":0,"1":0,"2":0,"3":0,"4":0,"5":0,"6":0},"(0, 1, 2, 2)":{"0":0,"1":0,"2":0,"3":0,"4":0,"5":0,"6":0},"(0, 1, 2, 3)":{"0":0,"1":0,"2":0,"3":0,"4":0,"5":0,"6":0},"(0, 1, 3, 0)":{"0":0,"1":0,"2":0,"3":0,"4":0,"5":0,"6":0},"(0, 1, 3, 1)":{"0":0,"1":0,"2":0,"3":0,"4":0,"5":0,"6":0},"(0, 1, 3, 2)":{"0":0,"1":0,"2":1.0670000000000002,"3":0,"4":0,"5":0,"6":0},"(0, 1, 3, 3)":{"0":0,"1":0,"2":0,"3":0,"4":0,"5":0,"6":-0.03812154696132595},"(0, 2, 0, 0)":{"0":0,"1":0,"2":0,"3":0,"4":0,"5":0,"6":0},"(0, 2, 0, 1)":{"0":0,"1":0,"2":0,"3":-0.02184601328903655,"4":0,"5":0,"6":0},"(0, 2, 0, 2)":{"0":0,"1":0,"2":0,"3":-0.018852657807309006,"4":0,"5":0,"6":0.0},"(0, 2, 0, 3)":{"0":0,"1":0,"2":0,"3":0,"4":0,"5":0,"6":0.0},"(0, 2, 1, 0)":{"0":0,"1":0,"2":0,"3":0,"4":0,"5":0,"6":0},"(0, 2, 1, 1)":{"0":0,"1":0,"2":0,"3":-11.048484848484849,"4":0,"5":0,"6":0},"(0, 2, 1, 2)":{"0":0,"1":0,"2":0,"3":0,"4":0,"5":0,"6":0},"(0, 2, 1, 3)":{"0":0,"1":-1.0204040404040406,"2":0,"3":0,"4":0,"5":0,"6":0},"(0, 2, 2, 0)":{"0":0,"1":0,"2":0,"3":0,"4":0,"5":0,"6":0},"(0, 2, 2, 1)":{"0":0,"1":0,"2":0,"3":0,"4":0,"5":0,"6":0},"(0, 2, 2, 2)":{"0":0,"1":0,"2":0,"3":0,"4":0,"5":0,"6":0},"(0, 2, 2, 3)":{"0":0,"1":0,"2":0,"3":0,"4":0,"5":0,"6":0},"(0, 2, 3, 0)":{"0":0,"1":0,"2":0,"3":0,"4":0,"5":0,"6":0},"(0, 2, 3, 1)":{"0":0,"1":0,"2":0,"3":0,"4":0,"5":0,"6":0},"(0, 2, 3, 2)":{"0":0,"1":0,"2":0,"3":0,"4":0,"5":0,"6":0},"(0, 2, 3, 3)":{"0":0,"1":-11.08,"2":0,"3":0,"4":0,"5":0,"6":0},"(1, 0, 0, 0)":{"0":0,"1":0,"2":0,"3":0,"4":0,"5":0,"6":0},"(1, 0, 0, 1)":{"0":0,"1":0,"2":0,"3":0,"4":0,"5":0,"6":0},"(1, 0, 0, 2)":{"0":0,"1":-1.0016611295681064,"2":-1.0132890365448506,"3":0,"4":0.00020269360269359996,"5":0,"6":0},"(1, 0, 0, 3)":{"0":0,"1":0,"2":0,"3":0,"4":0.0,"5":0,"6":0},"(1, 0, 1, 0)":{"0":0,"1":0,"2":0,"3":0,"4":0,"5":0,"6":0},"(1, 0, 1, 1)":{"0":0,"1":0,"2":0,"3":0,"4":0,"5":0,"6":0},"(1, 0, 1, 2)":{"0":0,"1":0,"2":0,"3":0,"4":0,"5":0,"6":0},"(1, 0, 1, 3)":{"0":0,"1":0,"2":0,"3":0,"4":0,"5":0,"6":0},"(1, 0, 2, 0)":{"0":0,"1":0,"2":0,"3":0,"4":0,"5":0,"6":0},"(1, 0, 2, 1)":{"0":0,"1":0,"2":0,"3":0,"4":0,"5":0,"6":0},"(1, 0, 2, 2)":{"0":0,"1":0,"2":0,"3":0,"4":0,"5":0,"6":0},"(1, 0, 2, 3)":{"0":0,"1":0,"2":0,"3":0,"4":0,"5":0,"6":-0.019060773480662974},"(1, 0, 3, 0)":{"0":0,"1":0,"2":0,"3":0,"4":0,"5":0,"6":0},"(1, 0, 3, 1)":{"0":0,"1":0,"2":0,"3":0,"4":0,"5":0,"6":0},"(1, 0, 3, 2)":{"0":0,"1":0,"2":0,"3":0,"4":0,"5":0,"6":0},"(1, 0, 3, 3)":{"0":0,"1":-0.07171096345514948,"2":0,"3":-0.07133887043189371,"4":0,"5":0,"6":0},"(1, 1, 0, 0)":{"0":0,"1":0,"2":-1.004983388704319,"3":0,"4":-0.05151515151515156,"5":0,"6":0.0},"(1, 1, 0, 1)":{"0":0,"1":0,"2":-1.013953488372093,"3":0,"4":0,"5":0,"6":0.0},"(1, 1, 0, 2)":{"0":0,"1":0,"2":0,"3":0,"4":0,"5":0,"6":0},"(1, 1, 0, 3)":{"0":0,"1":0,"2":-1.0089700996677742,"3":0,"4":0.006178451178451217,"5":0,"6":0},"(1, 1, 1, 0)":{"0":0,"1":0,"2":0,"3":-0.02117607973421931,"4":0,"5":0,"6":0},"(1, 1, 1, 1)":{"0":0,"1":0,"2":0,"3":0,"4":0,"5":0,"6":0},"(1, 1, 1, 2)":{"0":-4.219269102994085e-5,"1":0,"2":0,"3":0,"4":-0.05151515151515138,"5":0,"6":0},"(1, 1, 1, 3)":{"0":0,"1":0,"2":-0.04518272425249164,"3":0,"4":0,"5":0,"6":0},"(1, 1, 2, 0)":{"0":0,"1":0,"2":0,"3":0,"4":0,"5":0,"6":0},"(1, 1, 2, 1)":{"0":0,"1":0,"2":0,"3":0,"4":0,"5":0,"6":0},"(1, 1, 2, 2)":{"0":0,"1":0,"2":0,"3":0,"4":0,"5":0,"6":0},"(1, 1, 2, 3)":{"0":0,"1":0,"2":0,"3":0,"4":0,"5":0,"6":0},"(1, 1, 3, 0)":{"0":0,"1":0,"2":0,"3":0,"4":0,"5":0,"6":0},"(1, 1, 3, 1)":{"0":0,"1":0,"2":0,"3":0,"4":0,"5":0,"6":0},"(1, 1, 3, 2)":{"0":0,"1":0,"2":0,"3":0,"4":0,"5":0,"6":0},"(1, 1, 3, 3)":{"0":0.019159468438538243,"1":0,"2":0,"3":0,"4":0,"5":0,"6":0},"(1, 2, 0, 0)":{"0":0,"1":0,"2":0,"3":0,"4":0,"5":0,"6":0},"(1, 2, 0, 1)":{"0":0,"1":0,"2":0,"3":0,"4":0,"5":0,"6":0},"(1, 2, 0, 2)":{"0":0,"1":0,"2":0,"3":0,"4":0,"5":0,"6":0},"(1, 2, 0, 3)":{"0":-0.9822392026578076,"1":0,"2":0,"3":0,"4":0,"5":0,"6":0.0},"(1, 2, 1, 0)":{"0":0,"1":1.027299003322259,"2":0,"3":0,"4":0,"5":0,"6":0},"(1, 2, 1, 1)":{"0":0,"1":0,"2":0,"3":0,"4":0,"5":0,"6":0},"(1, 2, 1, 2)":{"0":0,"1":0,"2":0,"3":0,"4":0,"5":0,"6":0},"(1, 2, 1, 3)":{"0":0,"1":0,"2":0,"3":0,"4":0,"5":0,"6":0},"(1, 2, 2, 0)":{"0":0,"1":0,"2":0,"3":0,"4":0,"5":0,"6":0},"(1, 2, 2, 1)":{"0":0,"1":0,"2":0,"3":0,"4":0,"5":0,"6":0},"(1, 2, 2, 2)":{"0":0,"1":0,"2":0,"3":0,"4":0,"5":0,"6":0},"(1, 2, 2, 3)":{"0":0,"1":0,"2":0,"3":0,"4":0,"5":0,"6":0},"(1, 2, 3, 0)":{"0":0,"1":0,"2":0,"3":0,"4":0,"5":0,"6":0},"(1, 2, 3, 1)":{"0":0,"1":0,"2":0,"3":0,"4":0,"5":0,"6":0},"(1, 2, 3, 2)":{"0":0,"1":0,"2":0,"3":0,"4":0,"5":0,"6":0},"(1, 2, 3, 3)":{"0":0,"1":0,"2":0,"3":0,"4":0,"5":0,"6":0},"(2, 0, 0, 0)":{"0":0,"1":0,"2":0,"3":0,"4":0,"5":0,"6":0},"(2, 0, 0, 1)":{"0":0,"1":0,"2":0,"3":0,"4":0,"5":0,"6":0},"(2, 0, 0, 2)":{"0":0,"1":0,"2":-11.001104972375693,"3":0.021396961325966846,"4":0,"5":0,"6":0},"(2, 0, 0, 3)":{"0":-1.0234806629834254,"1":-0.0004143646408842017,"2":0.0,"3":0,"4":0,"5":0.0,"6":0},"(2, 0, 1, 0)":{"0":0,"1":0,"2":0,"3":0,"4":0,"5":0,"6":0},"(2, 0, 1, 1)":{"0":1.017232044198895,"1":0,"2":0,"3":0,"4":0,"5":0,"6":0},"(2, 0, 1, 2)":{"0":0,"1":0,"2":0,"3":0,"4":0,"5":0,"6":0},"(2, 0, 1, 3)":{"0":0,"1":0,"2":0,"3":0,"4":0,"5":0,"6":0},"(2, 0, 2, 0)":{"0":0,"1":0,"2":0,"3":0,"4":0,"5":0,"6":0},"(2, 0, 2, 1)":{"0":0,"1":0,"2":0,"3":0,"4":0,"5":0,"6":0},"(2, 0, 2, 2)":{"0":0,"1":0,"2":0,"3":0,"4":0,"5":0,"6":0},"(2, 0, 2, 3)":{"0":0,"1":0.03166298342541438,"2":0,"3":0,"4":0,"5":0,"6":0},"(2, 0, 3, 0)":{"0":0,"1":0,"2":0,"3":0.9872486187845304,"4":0,"5":0,"6":0},"(2, 0, 3, 1)":{"0":0,"1":0,"2":0,"3":0,"4":0,"5":0,"6":0},"(2, 0, 3, 2)":{"0":0,"1":0,"2":0,"3":0,"4":0,"5":0,"6":0},"(2, 0, 3, 3)":{"0":0,"1":0,"2":0,"3":0,"4":0,"5":0,"6":0},"(2, 1, 0, 0)":{"0":0,"1":0,"2":0,"3":0,"4":0,"5":0,"6":0},"(2, 1, 0, 1)":{"0":0,"1":0,"2":0,"3":0,"4":0,"5":0,"6":0},"(2, 1, 0, 2)":{"0":0,"1":-1.0162983425414367,"2":0,"3":0,"4":0.0,"5":0,"6":0},"(2, 1, 0, 3)":{"0":0,"1":0,"2":0,"3":0,"4":0,"5":-0.041860465116279146,"6":0},"(2, 1, 1, 0)":{"0":0,"1":0.9979171270718233,"2":0,"3":0,"4":0.0,"5":-1.0109634551495017,"6":0},"(2, 1, 1, 1)":{"0":0,"1":0,"2":0,"3":0,"4":0,"5":0,"6":0},"(2, 1, 1, 2)":{"0":0,"1":1.9618756906077348,"2":0,"3":0,"4":0,"5":0,"6":0},