{"(0, 0, 0, 0)":{"0":0,"1":0,"2":0,"3":0,"4":0,"5":0,"6":0},"(0, 0, 0, 1)":{"0":0,"1":0,"2":0,"3":0,"4":0,"5":0,"6":0},"(0, 0, 0, 2)":{"0":0,"1":0,"2":0,"3":0,"4":0,"5":0,"6":0},"(0, 0, 0, 3)":{"0":0,"1":0,"2":0,"3":0,"4":0,"5":0,"6":0},"(0, 0, 1, 0)":{"0":0,"1":0,"2":0,"3":0,"4":0,"5":0,"6":0},"(0, 0, 1, 1)":{"0":0,"1":0,"2":0,"3":0,"4":0,"5":0,"6":0.00011270718232044176},"(0, 0, 1, 2)":{"0":0,"1":0,"2":0,"3":0,"4":0,"5":0,"6":0},"(0, 0, 1, 3)":{"0":0,"1":0,"2":0,"3":0,"4":0,"5":0,"6":0},"(0, 0, 2, 0)":{"0":0,"1":0,"2":0,"3":0,"4":0,"5":0,"6":0},"(0, 0, 2, 1)":{"0":0,"1":0,"2":0,"3":0,"4":0,"5":0,"6":0},"(0, 0, 2, 2)":{"0":0,"1":0.008717171717171813,"2":0,"3":0,"4":0,"5":0,"6":0},"(0, 0, 2, 3)":{"0":0,"1":0,"2":0,"3":0,"4":0,"5":0,"6":0},"(0, 0, 3, 0)":{"0":0,"1":0,"2":0,"3":0,"4":0,"5":0,"6":0},"(0, 0, 3, 1)":{"0":0,"1":1.0530000000000002,"2":0,"3":0,"4":0,"5":0,"6":0},"(0, 0, 3, 2)":{"0":0,"1":0,"2":0,"3":0,"4":0,"5":0,"6":0},"(0, 0, 3, 3)":{"0":0,"1":0.04700000000000007,"2":0,"3":0,"4":0,"5":0,"6":-0.020718232044198894},"(0, 1, 0, 0)":{"0":0,"1":0,"2":0,"3":0,"4":0,"5":0,"6":0},"(0, 1, 0, 1)":{"0":0,"1":0,"2":0,"3":0,"4":0,"5":0,"6":0},"(0, 1, 0, 2)":{"0":0,"1":0,"2":-0.9746835016835018,"3":0,"4":0,"5":0,"6":0.0},"(0, 1, 0, 3)":{"0":0,"1":0,"2":0,"3":0,"4":0,"5":0,"6":0},"(0, 1, 1, 0)":{"0":0,"1":0,"2":0,"3":0,"4":0,"5":0,"6":0},"(0, 1, 1, 1)":{"0":0,"1":0,"2":0,"3":0,"4":0,"5":0,"6":0},"(0, 1, 1, 2)":{"0":0,"1":0,"2":0,"3":-0.03737373737373737,"4":0,"5":0,"6":0},"(0, 1, 1, 3)":{"0":0,"1":0,"2":0,"3":0,"4":0,"5":0,"6":0},"(0, 1, 2, 0)":{"0":0,"1":0,"2":0,"3":0,"4":0,"5":0,"6":0},"(0, 1, 2, 1)":{"0":1.052,"1":0,"2":0,"3":0,"4":0,"5":0,"6":0},"(0, 1, 2, 2)":{"0":0,"1":0,"2":0,"3":0,"4":0,"5":0,"6":0},"(0, 1, 2, 3)":{"0":0,"1":0,"2":0,"3":0,"4":0,"5":0,"6":0},"(0, 1, 3, 0)":{"0":0,"1":0,"2":0,"3":0,"4":0,"5":0,"6":0},"(0, 1, 3, 1)":{"0":0,"1":0,"2":0,"3":0,"4":0,"5":0,"6":0},"(0, 1, 3, 2)":{"0":0,"1":0,"2":0,"3":0,"4":0,"5":0,"6":0},"(0, 1, 3, 3)":{"0":0,"1":0,"2":0,"3":0,"4":0,"5":0,"6":0},"(0, 2, 0, 0)":{"0":0,"1":0,"2":0,"3":0,"4":0,"5":0,"6":0},"(0, 2, 0, 1)":{"0":0,"1":0,"2":0,"3":0,"4":0,"5":0,"6":0.44515783554817273},"(0, 2, 0, 2)":{"0":0,"1":0,"2":0,"3":0,"4":0,"5":0,"6":0.0009500000000000064},"(0, 2, 0, 3)":{"0":0,"1":0,"2":0,"3":0,"4":0,"5":0.0,"6":0},"(0, 2, 1, 0)":{"0":0,"1":0,"2":0,"3":0,"4":0,"5":0,"6":0},"(0, 2, 1, 1)":{"0":0,"1":-1.041636363636364,"2":0,"3":0,"4":0,"5":0,"6":0},"(0, 2, 1, 2)":{"0":0,"1":0,"2":-1.0171279461279463,"3":0,"4":0,"5":0,"6":0},"(0, 2, 1, 3)":{"0":0,"1":0,"2":0,"3":0,"4":0,"5":0,"6":0},"(0, 2, 2, 0)":{"0":0,"1":0,"2":0,"3":0,"4":0,"5":0,"6":0},"(0, 2, 2, 1)":{"0":0,"1":0,"2":0,"3":0,"4":0,"5":0,"6":0},"(0, 2, 2, 2)":{"0":0,"1":0,"2":0,"3":0,"4":0,"5":0,"6":0},"(0, 2, 2, 3)":{"0":0,"1":0,"2":0,"3":0,"4":0,"5":0,"6":0},"(0, 2, 3, 0)":{"0":0,"1":0,"2":0,"3":0,"4":0,"5":0,"6":0},"(0, 2, 3, 1)":{"0":0,"1":0,"2":0,"3":0.0,"4":0,"5":0,"6":0.0},"(0, 2, 3, 2)":{"0":0,"1":0,"2":0,"3":0,"4":0,"5":0,"6":0},"(0, 2, 3, 3)":{"0":0,"1":0,"2":0,"3":0,"4":0,"5":0,"6":0},"(1, 0, 0, 0)":{"0":0,"1":0,"2":0,"3":0,"4":0,"5":0,"6":0},"(1, 0, 0, 1)":{"0":0,"1":0,"2":0,"3":0,"4":0,"5":0,"6":0},"(1, 0, 0, 2)":{"0":0,"1":0,"2":-1.0093023255813953,"3":-0.9826312292358804,"4":0,"5":0,"6":0.0},"(1, 0, 0, 3)":{"0":0,"1":0,"2":0,"3":0.040299999999999996,"4":0,"5":0,"6":0.0},"(1, 0, 1, 0)":{"0":0,"1":0,"2":0,"3":0,"4":0,"5":0,"6":0},"(1, 0, 1, 1)":{"0":0,"1":0,"2":0,"3":0,"4":0,"5":0,"6":0},"(1, 0, 1, 2)":{"0":0,"1":0,"2":0,"3":0,"4":0,"5":0,"6":0},"(1, 0, 1, 3)":{"0":0,"1":0,"2":0,"3":0,"4":0,"5":0,"6":0},"(1, 0, 2, 0)":{"0":0,"1":0,"2":0,"3":0,"4":0,"5":0,"6":0},"(1, 0, 2, 1)":{"0":0,"1":0,"2":0,"3":0,"4":0,"5":0,"6":0},"(1, 0, 2, 2)":{"0":0,"1":0,"2":0,"3":0,"4":0,"5":0,"6":0},"(1, 0, 2, 3)":{"0":0,"1":0,"2":0,"3":0,"4":0,"5":0,"6":0},"(1, 0, 3, 0)":{"0":0,"1":0,"2":0,"3":0,"4":0,"5":0,"6":0},"(1, 0, 3, 1)":{"0":0,"1":0,"2":0,"3":0,"4":0,"5":0,"6":0},"(1, 0, 3, 2)":{"0":0,"1":0,"2":0,"3":0,"4":0,"5":0,"6":0},"(1, 0, 3, 3)":{"0":0,"1":-0.07569767441860464,"2":0,"3":0,"4":0,"5":0,"6":0},"(1, 1, 0, 0)":{"0":0,"1":0,"2":0,"3":1.0170000000000001,"4":0,"5":0,"6":0},"(1, 1, 0, 1)":{"0":-1.0100000000000002,"1":0,"2":0,"3":0,"4":0,"5":0,"6":0},"(1, 1, 0, 2)":{"0":0,"1":0,"2":0,"3":0,"4":0,"5":0,"6":0},"(1, 1, 0, 3)":{"0":0,"1":0,"2":0,"3":0,"4":0,"5":0,"6":0},"(1, 1, 1, 0)":{"0":0,"1":0,"2":0,"3":0,"4":0,"5":0,"6":0},"(1, 1, 1, 1)":{"0":0,"1":-0.015282392026577796,"2":-11.03703488372093,"3":-0.002249169435216025,"4":0,"5":0,"6":-0.03508287292817691},"(1, 1, 1, 2)":{"0":0,"1":0,"2":0,"3":0.024697674418604623,"4":0,"5":0,"6":0},"(1, 1, 1, 3)":{"0":0,"1":0,"2":0,"3":0,"4":0,"5":0,"6":0},"(1, 1, 2, 0)":{"0":0,"1":0,"2":0,"3":0,"4":0,"5":0,"6":0},"(1, 1, 2, 1)":{"0":0,"1":0,"2":0,"3":0,"4":0,"5":0,"6":0},"(1, 1, 2, 2)":{"0":0,"1":0,"2":-0.01430232558139526,"3":0,"4":0,"5":0,"6":0},"(1, 1, 2, 3)":{"0":0.030724252491694373,"1":0,"2":0,"3":0,"4":0,"5":0,"6":0},"(1, 1, 3, 0)":{"0":0,"1":0,"2":0,"3":0,"4":0,"5":0,"6":0},"(1, 1, 3, 1)":{"0":0,"1":0,"2":0,"3":0,"4":0,"5":0,"6":0},"(1, 1, 3, 2)":{"0":0,"1":0,"2":0,"3":0,"4":0,"5":0,"6":0},"(1, 1, 3, 3)":{"0":0,"1":0,"2":0,"3":0,"4":0,"5":0,"6":0},"(1, 2, 0, 0)":{"0":1.0158500000000001,"1":0,"2":0,"3":-1.0129069767441858,"4":0,"5":0,"6":0.0},"(1, 2, 0, 1)":{"0":0.041000000000000016,"1":0,"2":0,"3":0,"4":0,"5":0,"6":0},"(1, 2, 0, 2)":{"0":0,"1":0,"2":0,"3":0,"4":0,"5":0,"6":0},"(1, 2, 0, 3)":{"0":0,"1":0,"2":0,"3":0,"4":0.0,"5":0,"6":0},"(1, 2, 1, 0)":{"0":0,"1":0,"2":0,"3":0,"4":0,"5":0,"6":0},"(1, 2, 1, 1)":{"0":0,"1":0.013318936877076483,"2":0,"3":0,"4":0,"5":0,"6":0},"(1, 2, 1, 2)":{"0":0,"1":0,"2":0,"3":0,"4":-1.1,"5":0,"6":0},"(1, 2, 1, 3)":{"0":0,"1":0,"2":0,"3":0,"4":0,"5":0,"6":0},"(1, 2, 2, 0)":{"0":1.03,"1":0,"2":0,"3":0,"4":0,"5":0,"6":0},"(1, 2, 2, 1)":{"0":0,"1":0,"2":0,"3":0.022000000000000065,"4":0,"5":0,"6":0},"(1, 2, 2, 2)":{"0":0,"1":0,"2":-0.034551495016611256,"3":0,"4":0,"5":0,"6":0},"(1, 2, 2, 3)":{"0":0,"1":0,"2":0.0,"3":0,"4":-1.1,"5":0,"6":0.0},"(1, 2, 3, 0)":{"0":0,"1":0,"2":-0.027906976744186098,"3":0,"4":0,"5":0,"6":0},"(1, 2, 3, 1)":{"0":0,"1":1.054,"2":0,"3":0,"4":0,"5":0,"6":0},"(1, 2, 3, 2)":{"0":0,"1":0,"2":0,"3":0,"4":0,"5":0,"6":0},"(1, 2, 3, 3)":{"0":0,"1":0,"2":-0.03255813953488378,"3":0,"4":0,"5":0,"6":0},"(2, 0, 0, 0)":{"0":0.029000000000000005,"1":0,"2":0,"3":0,"4":0,"5":0,"6":0},"(2, 0, 0, 1)":{"0":0,"1":0,"2":0,"3":0,"4":0,"5":0,"6":0},"(2, 0, 0, 2)":{"0":0,"1":0,"2":0,"3":0,"4":0,"5":0,"6":0},"(2, 0, 0, 3)":{"0":11.100000000000001,"1":0,"2":0,"3":0,"4":0,"5":0,"6":0},"(2, 0, 1, 0)":{"0":0,"1":0,"2":0,"3":0,"4":0,"5":0,"6":0},"(2, 0, 1, 1)":{"0":0,"1":0,"2":0,"3":0,"4":0,"5":0,"6":0},"(2, 0, 1, 2)":{"0":0,"1":0,"2":0,"3":0,"4":0,"5":0,"6":0},"(2, 0, 1, 3)":{"0":1.0812154696132596,"1":0,"2":0,"3":0,"4":0,"5":0,"6":0},"(2, 0, 2, 0)":{"0":0,"1":0,"2":0,"3":1.007348066298343,"4":0,"5":0,"6":0},"(2, 0, 2, 1)":{"0":0,"1":1.0196519337016576,"2":0,"3":0,"4":0,"5":0,"6":0},"(2, 0, 2, 2)":{"0":0,"1":0,"2":0,"3":0,"4":0,"5":0,"6":0},"(2, 0, 2, 3)":{"0":0,"1":0,"2":0,"3":0,"4":0,"5":0,"6":0},"(2, 0, 3, 0)":{"0":0,"1":0,"2":0,"3":0,"4":0,"5":0,"6":0},"(2, 0, 3, 1)":{"0":0,"1":0,"2":0,"3":0,"4":0,"5":0,"6":0},"(2, 0, 3, 2)":{"0":0,"1":0.07835635359116007,"2":0,"3":0,"4":0,"5":0,"6":0},"(2, 0, 3, 3)":{"0":0,"1":0.027686464088397755,"2":0,"3":0,"4":0,"5":0,"6":0},"(2, 1, 0, 0)":{"0":0.0,"1":-11.017955801104973,"2":-1.09915,"3":0.023067707182320422,"4":0,"5":0,"6":0},"(2, 1, 0, 1)":{"0":0,"1":1.034,"2":0.0,"3":0,"4":0,"5":0,"6":0},"(2, 1, 0, 2)":{"0":0,"1":0,"2":0,"3":0.03799999999999999,"4":0,"5":0,"6":0},"(2, 1, 0, 3)":{"0":0,"1":0,"2":0,"3":0,"4":0,"5":0,"6":0},"(2, 1, 1, 0)":{"0":0,"1":0,"2":-0.016574585635359185,"3":0,"4":0,"5":0,"6":0},"(2, 1, 1, 1)":{"0":-0.06274475138121546,"1":0,"2":0,"3":0,"4":0,"5":0,"6":0},"(2, 1, 1, 2)":{"0":0,"1":11.03425966850829,"2":0,"3":0,"4":0,"5":0,"6":0},"(2, 1, 1, 3)":{"0":0,"1":0,"2":0,"3":0,"4":0,"5":0,"6":0},"(2, 1, 2, 0)":{"0":0,"1":0,"2":0,