{"steps": [0, 1, 2, 3, 4, 5, 6, 7, 8, 9, 10, 11, 12, 13, 14, 15, 16, 17, 18, 19, 20, 21, 22, 23, 24, 25, 26, 27, 28, 29, 30, 31, 32, 33, 34, 35, 36, 37, 38, 39, 40, 41, 42, 43, 44, 45, 46, 47, 48, 49, 50, 51, 52, 53, 54, 55, 56, 57, 58, 59, 60, 61, 62, 63, 64, 65, 66, 67, 68, 69, 70, 71, 72, 73, 74, 75, 76, 77, 78, 79, 80, 81, 82, 83, 84, 85, 86, 87, 88, 89, 90, 91, 92, 93, 94, 95, 96, 97, 98, 99], "rewards": [-0.3255813953488378, -11.325581395348838, -11.325581395348838, -11.325581395348838, -11.325581395348838, -11.30303995888475, -11.093039958884749, -11.093039958884749, -11.17889631247591, -11.17889631247591, -10.95889631247591, -11.101919568289862, -10.854942824103816, -11.205771553385585, -11.205771553385585, -11.205771553385585, -11.07258218461482, -11.09507387896698, -0.9250738789669786, -0.7550738789669786, -10.884143646408837, -10.884143646408837, -10.884143646408837, -0.7541436464088385, 110.24585635359117, 110.53585635359117, 109.92642874416356, 109.55269137042619, 99.80585635359117, 99.80585635359117, 99.99585635359117, 110.53585635359116, 109.77887960940511, 99.68585635359116, 99.68585635359116, 100.02314917127072, 110.09662983425414, 220.439226519337, 209.439226519337, 209.439226519337, 209.699226519337, 210.179226519337, 209.92333426344473, 220.44333426344474, 220.53050598061645, 220.53050598061645, 220.72050598061645, 210.549226519337, 210.549226519337, 210.6013812154696, 220.9713812154696, 220.9631491712707, 331.0331491712707, 330.89411262642017, 330.5485976762541, 319.5485976762541, 319.5485976762541, 319.59113911271817, 319.3320029000936, 319.7420029000936, 320.2420029000936, 330.3920029000936, 330.6420029000936, 320.8156906077348, 320.8156906077348, 331.01220994475136, 331.088453038674, 330.92270718232044, 330.92270718232044, 330.92270718232044, 220.74314917127072, 220.96314917127071, 221.0546408839779, 221.0546408839779, 220.8474585635359, 231.6596132596685, 231.29597689603213, 220.8796132596685, 220.8796132596685, 220.65585635359116, 210.4431491712707, 210.4431491712707, 210.16407940382885, 220.46407940382886, 220.7713219287458, 220.61849800848003, 110.22314917127073, 99.67314917127074, 99.67314917127074, 99.67314917127074, 100.14314917127074, 110.67314917127074, 110.67314917127074, 110.6740331491713, 110.94403314917129, 110.00839779005527, 110.38839779005527, 120.72839779005527, 109.85839779005526, 109.85839779005526], "win_rate": [0, 0, 0, 0, 0, 0, 0, 0, 0, 0, 0, 0, 0, 0, 0, 0, 0, 0, 0, 0, 0, 0, 0, 0, 1.0, 1.0, 1.0, 1.0, 1.0, 1.0, 1.0, 1.0, 1.0, 1.0, 1.0, 1.0, 1.0, 1.0, 1.0, 1.0, 1.0, 1.0, 1.0, 1.0, 1.0, 1.0, 1.0, 1.0, 1.0, 1.0, 1.0, 1.0, 1.0, 1.0, 1.0, 1.0, 1.0, 1.0, 1.0, 1.0, 1.0, 1.0, 1.0, 1.0, 1.0, 1.0, 1.0, 1.0, 1.0, 1.0, 0.75, 0.75, 0.75, 0.75, 0.75, 0.75, 0.75, 0.75, 0.75, 0.75, 0.75, 0.75, 0.75, 0.75, 0.75, 0.75, 0.6, 0.6, 0.6, 0.6, 0.6, 0.6, 0.6, 0.6, 0.6, 0.6, 0.6, 0.6, 0.6, 0.6]}