{"(0, 0, 0, 0)":{"0":5.124045521096544,"1":36.54156454018696,"2":1.0930633313511715,"3":0,"4":0,"5":-0.0424840331571177,"6":6.372266910928217},"(0, 0, 0, 1)":{"0":-41.278325780430784,"1":-39.697623308748646,"2":-41.75533542855181,"3":-28.964908355776135,"4":0,"5":-1.91442436691107,"6":8.775632043824507},"(0, 0, 0, 2)":{"0":-24.65579839251634,"1":-19.939263363936064,"2":-18.400040569771683,"3":-21.42572733403535,"4":0,"5":-3.8911481486446142,"6":6.303243781195245},"(0, 0, 0, 3)":{"0":-45.81004846124266,"1":-38.1973699505408,"2":-28.765962120136262,"3":-41.35690070021656,"4":0,"5":-0.749323667386791,"6":8.421237828355823},"(0, 0, 1, 0)":{"0":-3.9977767279708907,"1":1.623144063415336,"2":40.54932662403561,"3":-10.495875693473124,"4":0,"5":-1.095195531927067,"6":-0.49406618802035474},"(0, 0, 1, 1)":{"0":-9.15099610470152,"1":-1.196716387119273,"2":11.358279572995501,"3":-0.9613575942085938,"4":0,"5":-0.9478588857033856,"6":-0.5326095619939804},"(0, 0, 1, 2)":{"0":0,"1":7.68254776312066,"2":0,"3":-0.021842949001878935,"4":0,"5":0,"6":0},"(0, 0, 1, 3)":{"0":-0.0023030303030302512,"1":3.7075984781463447,"2":-0.005167259605092643,"3":0,"4":0,"5":0,"6":0.45189563591150245},"(0, 0, 2, 0)":{"0":12.045658782278913,"1":32.96135913153447,"2":1.632376259698408,"3":0,"4":0,"5":-1.0880347827210712,"6":0.9629259539820193},"(0, 0, 2, 1)":{"0":0,"1":14.585761428221113,"2":0,"3":0.39771989678083924,"4":0,"5":0,"6":0},"(0, 0, 2, 2)":{"0":0,"1":0,"2":13.006368822031636,"3":-0.030303030303030276,"4":0,"5":0,"6":0},"(0, 0, 2, 3)":{"0":0.6266236165092551,"1":0,"2":6.509423078868183,"3":0.34860284426501364,"4":0,"5":0,"6":-0.020994475138121516},"(0, 0, 3, 0)":{"0":35.12726162953825,"1":0,"2":0,"3":-0.02903036420700969,"4":0,"5":0,"6":0},"(0, 0, 3, 1)":{"0":0,"1":0,"2":15.173589146945938,"3":0,"4":0,"5":-1.0460220994475138,"6":0},"(0, 0, 3, 2)":{"0":7.55098257456244,"1":0,"2":0,"3":-0.02647237116096501,"4":0,"5":0,"6":-0.018508287292817727},"(0, 0, 3, 3)":{"0":0,"1":6.823152695935705,"2":0,"3":0.30500177974642645,"4":0,"5":-1.1,"6":0},"(0, 1, 0, 0)":{"0":0,"1":23.747477198066548,"2":2.5491813248607893,"3":0,"4":0,"5":8.160698210145561,"6":2.1537479618555437},"(0, 1, 0, 1)":{"0":49.64214275058548,"1":-0.8116830003561812,"2":-0.9256924264518306,"3":-11.004713804713806,"4":0,"5":2.065895615426515,"6":38.93805106833595},"(0, 1, 0, 2)":{"0":0,"1":0,"2":0,"3":-1.0070707070707072,"4":0,"5":0.0,"6":2.3241928428137015},"(0, 1, 0, 3)":{"0":-0.003976430976431011,"1":0,"2":1.2540875504423648,"3":-11.003367003367003,"4":0,"5":3.5629301045512802,"6":6.99453931331615},"(0, 1, 1, 0)":{"0":0,"1":10.25400642657718,"2":-0.0193370165745856,"3":-0.05152960844312596,"4":0,"5":2.162780763991461,"6":0},"(0, 1, 1, 1)":{"0":0,"1":-1.0055151515151515,"2":54.79986693114434,"3":1.6532425961426274,"4":0,"5":1.338735169537692,"6":0},"(0, 1, 1, 2)":{"0":12.572652286468196,"1":0,"2":-0.9811683501683501,"3":0,"4":0,"5":-0.04518272425249173,"6":0},"(0, 1, 1, 3)":{"0":18.803848428098043,"1":-1.8470969841188665,"2":-0.9801784511784511,"3":-1.0501683501683503,"4":0,"5":-0.5594431649622796,"6":-1.5680476613139023},"(0, 1, 2, 0)":{"0":0,"1":0.7970009697060441,"2":-0.8711962128111213,"3":0,"4":0,"5":-0.9482942096115623,"6":0},"(0, 1, 2, 1)":{"0":0,"1":0,"2":0,"3":-0.051401389990838334,"4":0,"5":0,"6":0},"(0, 1, 2, 2)":{"0":0,"1":0,"2":0,"3":-0.06195286195286194,"4":0,"5":0,"6":0},"(0, 1, 2, 3)":{"0":24.090997213327526,"1":0,"2":-0.4861123468421549,"3":-0.06700336700336677,"4":0,"5":-0.0438538205980068,"6":0},"(0, 1, 3, 0)":{"0":15.866843476526816,"1":0,"2":0.48357392104772723,"3":0,"4":0,"5":0,"6":0},"(0, 1, 3, 1)":{"0":0,"1":0,"2":42.76505170226772,"3":-0.04848484848484844,"4":0,"5":0,"6":0},"(0, 1, 3, 2)":{"0":0,"1":0,"2":5.292424527014287,"3":0,"4":0,"5":0,"6":0},"(0, 1, 3, 3)":{"0":0,"1":0,"2":18.65055909667066,"3":0,"4":0,"5":0.15317569709028622,"6":0},"(0, 2, 0, 0)":{"0":0,"1":16.107355817563985,"2":0.1339459120344999,"3":-10.215170929660523,"4":0,"5":0.0,"6":3.9617708116834334},"(0, 2, 0, 1)":{"0":6.220681877713133,"1":-0.958826384398663,"2":-10.976653703703706,"3":-10.978326574241624,"4":0,"5":2.013264336441619,"6":8.891881605609584},"(0, 2, 0, 2)":{"0":-8.825654262770419,"1":-11.466467520428147,"2":-5.476171619484933,"3":-0.20508400045553976,"4":0,"5":10.663214593900204,"6":3.4555382325096695},"(0, 2, 0, 3)":{"0":-23.242412966164718,"1":-14.715327957928618,"2":-22.577877920949675,"3":-27.50369501982442,"4":0,"5":7.383734928044195,"6":2.887356701206121},"(0, 2, 1, 0)":{"0":0,"1":-0.5039265013017571,"2":32.571677188616995,"3":0,"4":0,"5":0,"6":0},"(0, 2, 1, 1)":{"0":-0.8635414320234804,"1":0,"2":-10.483458487833744,"3":-10.601255722624984,"4":0,"5":0,"6":0.35624486092724095},"(0, 2, 1, 2)":{"0":-0.9127313803657364,"1":-1.0305151515151516,"2":-0.8664870874364434,"3":-0.7353497345016204,"4":0,"5":9.038062541060404,"6":0.33340410389831066},"(0, 2, 1, 3)":{"0":-47.213382700663004,"1":-44.5457833625461,"2":-44.55099395185406,"3":-42.44608193468865,"4":0,"5":8.897036622101774,"6":-3.304969961623121},"(0, 2, 2, 0)":{"0":0,"1":0,"2":0,"3":0,"4":0,"5":0,"6":0},"(0, 2, 2, 1)":{"0":-0.5977606844624761,"1":-0.5781202331530086,"2":0,"3":0,"4":0,"5":0,"6":0},"(0, 2, 2, 2)":{"0":0,"1":0,"2":0.051299999999999915,"3":-0.8430978480257898,"4":0,"5":0,"6":0},"(0, 2, 2, 3)":{"0":-10.715737520470682,"1":-11.045587581530448,"2":-11.348767404957961,"3":-20.280091602004894,"4":0,"5":6.562204664995085,"6":0},"(0, 2, 3, 0)":{"0":-11.08,"1":0,"2":30.838241375038027,"3":0,"4":0,"5":0,"6":0},"(0, 2, 3, 1)":{"0":-10.102787342362324,"1":0,"2":-0.1360872320506803,"3":0,"4":0,"5":2.4341941457341676,"6":0},"(0, 2, 3, 2)":{"0":-11.148183579062731,"1":-11.467992051789073,"2":-1.074,"3":-11.018858003308623,"4":0,"5":5.297471898075538,"6":1.045130305686761},"(0, 2, 3, 3)":{"0":-37.75390544232938,"1":-44.42671259603404,"2":-38.51487885058495,"3":-37.4356141049961,"4":0,"5":8.297338484709943,"6":-2.202058875738421},"(1, 0, 0, 0)":{"0":-14.33345354720646,"1":-13.986646678957236,"2":-20.328806255185214,"3":-6.533635648056854,"4":0.20363325272173233,"5":0,"6":4.647953862292322},"(1, 0, 0, 1)":{"0":-21.780624705448556,"1":-7.219310146237409,"2":-18.747020247608386,"3":-19.73677380735878,"4":4.650863031990495,"5":0,"6":-0.16669547931696072},"(1, 0, 0, 2)":{"0":-13.046116211383335,"1":-19.8571453758734,"2":-18.571738394356643,"3":-21.744701232369863,"4":4.793475422943258,"5":0,"6":0.0009251104972375686},"(1, 0, 0, 3)":{"0":-21.720377780140712,"1":-31.17442408873279,"2":-33.93567080691915,"3":-30.013467709988493,"4":1.6515186192680034,"5":0,"6":12.882552680978414},"(1, 0, 1, 0)":{"0":-10.8426676602208,"1":-0.29508167455814416,"2":-10.867764910902235,"3":-0.8652960324144807,"4":0,"5":0,"6":-0.4827677989730103},"(1, 0, 1, 1)":{"0":-21.491344352206873,"1":-10.897384799269998,"2":-11.782848627495609,"3":-11.779450175514025,"4":-1.4062971059049316,"5":0,"6":0.7182447615727939},"(1, 0, 1, 2)":{"0":-10.997179401993357,"1":-11.702481016523457,"2":-10.916571026624556,"3":-10.877568794239709,"4":0,"5":0,"6":0},"(1, 0, 1, 3)":{"0":-27.47063923053623,"1":-21.550566491250528,"2":-21.283397180041042,"3":-28.199874646676243,"4":-1.403512317778469,"5":0,"6":10.353209790068501},"(1, 0, 2, 0)":{"0":-26.228523542350917,"1":-27.546885309099302,"2":-34.435231933868955,"3":-32.47659719607583,"4":0,"5":0,"6":-3.673171119814437},"(1, 0, 2, 1)":{"0":-20.92937459123073,"1":-12.276337358092022,"2":-20.926236803661247,"3":-11.930659284914494,"4":-1.8715205440271747,"5":0,"6":0},"(1, 0, 2, 2)":{"0":0,"1":0,"2":0,"3":-1.0511731739253218,"4":0,"5":0,"6":0},"(1, 0, 2, 3)":{"0":-12.425789297323936,"1":-11.575557063136921,"2":-19.28581473543531,"3":-19.34129227718447,"4":0.9438825427919122,"5":0,"6":12.58789911968331},"(1, 0, 3, 0)":{"0":-35.55572545110274,"1":-36.36062956764476,"2":-34.835402808593486,"3":-31.64677664012069,"4":1.8343153219596435,"5":0,"6":5.268211021464654},"(1, 0, 3, 1)":{"0":3.5140317985382854,"1":-11.003508847147762,"2":-11.16656920133193,"3":-11.950776012303594,