{"(0, 0, 0, 0)":{"0":0,"1":2.78458,"2":0,"3":0,"4":0,"5":0,"6":0},"(0, 0, 0, 1)":{"0":0,"1":0,"2":0,"3":0,"4":0,"5":0,"6":0},"(0, 0, 0, 2)":{"0":0,"1":0,"2":0,"3":0,"4":0,"5":0,"6":0},"(0, 0, 0, 3)":{"0":0,"1":0,"2":0,"3":0,"4":0,"5":0,"6":0},"(0, 0, 1, 0)":{"0":0,"1":0,"2":8.903823808806294,"3":-0.033333333333333215,"4":0,"5":0,"6":0},"(0, 0, 1, 1)":{"0":0,"1":11.576004336179475,"2":0,"3":0,"4":0,"5":0,"6":0},"(0, 0, 1, 2)":{"0":0,"1":0,"2":0,"3":0,"4":0,"5":0,"6":0},"(0, 0, 1, 3)":{"0":0,"1":0,"2":0,"3":0,"4":0,"5":0,"6":0},"(0, 0, 2, 0)":{"0":-0.03670033670033668,"1":0,"2":0,"3":0,"4":0,"5":0,"6":0},"(0, 0, 2, 1)":{"0":0,"1":0,"2":0.09952414141414152,"3":0,"4":0,"5":-1.003654485049834,"6":-0.019889502762430844},"(0, 0, 2, 2)":{"0":-0.0007002020202021974,"1":0,"2":0,"3":0,"4":0,"5":0,"6":0},"(0, 0, 2, 3)":{"0":0,"1":0.00470707070707066,"2":0,"3":0,"4":0,"5":0,"6":0},"(0, 0, 3, 0)":{"0":0,"1":1.0120000000000002,"2":0,"3":0.0,"4":0,"5":0,"6":0},"(0, 0, 3, 1)":{"0":0,"1":0,"2":0,"3":-0.026936026936026994,"4":0,"5":0,"6":0},"(0, 0, 3, 2)":{"0":0,"1":0,"2":0,"3":0,"4":0,"5":0,"6":0},"(0, 0, 3, 3)":{"0":0,"1":0.02335454545454562,"2":0,"3":0,"4":0,"5":0,"6":0},"(0, 1, 0, 0)":{"0":-0.00525414364640886,"1":0,"2":0,"3":0,"4":0,"5":0,"6":0},"(0, 1, 0, 1)":{"0":0,"1":0,"2":0,"3":0,"4":0,"5":0,"6":0},"(0, 1, 0, 2)":{"0":0,"1":0,"2":0,"3":0,"4":0,"5":0,"6":0},"(0, 1, 0, 3)":{"0":0,"1":-1.003030303030303,"2":0,"3":0,"4":0,"5":-0.04584717607973428,"6":0.0},"(0, 1, 1, 0)":{"0":-11.046464646464647,"1":0,"2":0,"3":0,"4":0,"5":0,"6":0},"(0, 1, 1, 1)":{"0":0,"1":0,"2":0,"3":0,"4":0,"5":0,"6":0},"(0, 1, 1, 2)":{"0":0,"1":0,"2":0,"3":0,"4":0,"5":0,"6":0},"(0, 1, 1, 3)":{"0":0,"1":0,"2":0,"3":0,"4":0,"5":0,"6":0},"(0, 1, 2, 0)":{"0":0,"1":0,"2":0,"3":0,"4":0,"5":0,"6":0},"(0, 1, 2, 1)":{"0":0,"1":0,"2":0,"3":0,"4":0,"5":0,"6":0},"(0, 1, 2, 2)":{"0":0,"1":0,"2":0,"3":0,"4":0,"5":0,"6":0},"(0, 1, 2, 3)":{"0":0,"1":0,"2":0,"3":0,"4":0,"5":0,"6":0},"(0, 1, 3, 0)":{"0":0,"1":0,"2":1.03,"3":0,"4":0,"5":0,"6":0},"(0, 1, 3, 1)":{"0":0,"1":0,"2":0,"3":0,"4":0,"5":0,"6":0},"(0, 1, 3, 2)":{"0":0,"1":0,"2":0.015464646464646493,"3":0,"4":0,"5":0,"6":0},"(0, 1, 3, 3)":{"0":0,"1":0,"2":0.07000000000000002,"3":0,"4":0,"5":0,"6":0},"(0, 2, 0, 0)":{"0":0,"1":0,"2":0,"3":0,"4":0,"5":0,"6":0},"(0, 2, 0, 1)":{"0":0,"1":0,"2":0,"3":0.016939226519337058,"4":0,"5":0,"6":0},"(0, 2, 0, 2)":{"0":0,"1":0,"2":0,"3":0,"4":0,"5":0,"6":0},"(0, 2, 0, 3)":{"0":-0.964010101010101,"1":0,"2":0,"3":0,"4":0,"5":0,"6":0.0},"(0, 2, 1, 0)":{"0":0,"1":0,"2":0,"3":0,"4":0,"5":0,"6":0},"(0, 2, 1, 1)":{"0":0,"1":0,"2":0,"3":0,"4":0,"5":0,"6":0},"(0, 2, 1, 2)":{"0":0,"1":0,"2":0,"3":0,"4":0,"5":0,"6":0},"(0, 2, 1, 3)":{"0":0,"1":0,"2":0,"3":0,"4":0,"5":0,"6":0},"(0, 2, 2, 0)":{"0":0,"1":0,"2":0,"3":0,"4":0,"5":0,"6":0},"(0, 2, 2, 1)":{"0":0,"1":0,"2":0,"3":0,"4":0,"5":0,"6":0},"(0, 2, 2, 2)":{"0":0,"1":0,"2":0,"3":0,"4":0,"5":0,"6":0},"(0, 2, 2, 3)":{"0":0,"1":0,"2":0,"3":0,"4":0,"5":0,"6":0},"(0, 2, 3, 0)":{"0":0,"1":0,"2":1.0010000000000001,"3":0,"4":0,"5":0,"6":0},"(0, 2, 3, 1)":{"0":0,"1":0,"2":0,"3":-11.100000000000001,"4":0,"5":0,"6":0},"(0, 2, 3, 2)":{"0":0,"1":0,"2":0,"3":0,"4":0,"5":0,"6":0},"(0, 2, 3, 3)":{"0":0,"1":0,"2":0,"3":0,"4":0,"5":0,"6":0},"(1, 0, 0, 0)":{"0":0,"1":0,"2":0,"3":0,"4":0,"5":0,"6":0},"(1, 0, 0, 1)":{"0":0,"1":0,"2":0.0,"3":0,"4":0,"5":0,"6":0.0},"(1, 0, 0, 2)":{"0":0,"1":0,"2":0,"3":0,"4":0,"5":0,"6":0},"(1, 0, 0, 3)":{"0":0,"1":0,"2":0,"3":0,"4":0,"5":0,"6":0.0},"(1, 0, 1, 0)":{"0":0,"1":0,"2":0,"3":0,"4":0,"5":0,"6":0},"(1, 0, 1, 1)":{"0":0,"1":0,"2":0,"3":0,"4":0,"5":0,"6":0},"(1, 0, 1, 2)":{"0":0,"1":0,"2":0,"3":0,"4":0,"5":0,"6":0},"(1, 0, 1, 3)":{"0":0,"1":0,"2":0,"3":0,"4":0.0012031986531986496,"5":0,"6":0},"(1, 0, 2, 0)":{"0":0,"1":0,"2":0,"3":0,"4":0,"5":0,"6":0},"(1, 0, 2, 1)":{"0":0,"1":0,"2":0,"3":0,"4":0,"5":0,"6":0},"(1, 0, 2, 2)":{"0":0,"1":0,"2":0,"3":0,"4":0,"5":0,"6":0},"(1, 0, 2, 3)":{"0":0,"1":0,"2":0,"3":0,"4":0,"5":0,"6":0},"(1, 0, 3, 0)":{"0":0,"1":0,"2":0,"3":0,"4":0,"5":0,"6":0},"(1, 0, 3, 1)":{"0":0,"1":0,"2":0,"3":0,"4":0,"5":0,"6":-0.0196132596685084},"(1, 0, 3, 2)":{"0":0,"1":0,"2":0,"3":0,"4":0,"5":0,"6":0},"(1, 0, 3, 3)":{"0":0,"1":0,"2":0,"3":0,"4":0,"5":0,"6":0},"(1, 1, 0, 0)":{"0":0,"1":0,"2":-0.032391436464088444,"3":0,"4":0,"5":0,"6":0},"(1, 1, 0, 1)":{"0":0,"1":0,"2":0,"3":0,"4":0,"5":0,"6":0},"(1, 1, 0, 2)":{"0":0,"1":0,"2":0,"3":-1.0149501661129567,"4":0,"5":0,"6":0.0},"(1, 1, 0, 3)":{"0":0,"1":0,"2":0,"3":0,"4":0,"5":0,"6":0},"(1, 1, 1, 0)":{"0":0,"1":0,"2":0,"3":1.003,"4":0,"5":0,"6":0},"(1, 1, 1, 1)":{"0":0,"1":0,"2":0,"3":0,"4":0,"5":0,"6":0},"(1, 1, 1, 2)":{"0":-10.991212624584719,"1":0,"2":0,"3":0,"4":0,"5":0,"6":0},"(1, 1, 1, 3)":{"0":0,"1":-0.0338571428571429,"2":0,"3":0,"4":0,"5":0,"6":-0.032596685082872945},"(1, 1, 2, 0)":{"0":0,"1":0,"2":0,"3":0,"4":0,"5":0,"6":0},"(1, 1, 2, 1)":{"0":0,"1":0,"2":0,"3":0,"4":0,"5":0,"6":0},"(1, 1, 2, 2)":{"0":0,"1":0,"2":0,"3":0,"4":0,"5":0,"6":0},"(1, 1, 2, 3)":{"0":0,"1":0,"2":0,"3":-0.016860465116279144,"4":0,"5":0,"6":0},"(1, 1, 3, 0)":{"0":0,"1":0,"2":0,"3":0,"4":0,"5":0,"6":0},"(1, 1, 3, 1)":{"0":0.9658936877076413,"1":0,"2":0,"3":0,"4":0,"5":0,"6":0},"(1, 1, 3, 2)":{"0":0,"1":0,"2":0,"3":0,"4":0,"5":0,"6":0},"(1, 1, 3, 3)":{"0":0,"1":0,"2":0,"3":0,"4":0,"5":0,"6":0},"(1, 2, 0, 0)":{"0":0,"1":0,"2":0,"3":0,"4":0.0,"5":0,"6":0},"(1, 2, 0, 1)":{"0":0,"1":0,"2":0,"3":0,"4":0,"5":0,"6":0},"(1, 2, 0, 2)":{"0":0,"1":1.1374950166112956,"2":0,"3":0,"4":0,"5":0,"6":0},"(1, 2, 0, 3)":{"0":0,"1":0,"2":0,"3":-0.014239202657807272,"4":0,"5":0,"6":0},"(1, 2, 1, 0)":{"0":0,"1":0,"2":0,"3":-1.0188837209302326,"4":0,"5":0,"6":0},"(1, 2, 1, 1)":{"0":0,"1":0,"2":0,"3":0,"4":0,"5":0,"6":0},"(1, 2, 1, 2)":{"0":0,"1":0,"2":0,"3":0,"4":0,"5":0,"6":0},"(1, 2, 1, 3)":{"0":0,"1":0.10120598006644546,"2":-0.018936877076412097,"3":0,"4":0,"5":0,"6":0},"(1, 2, 2, 0)":{"0":0,"1":0,"2":0,"3":1.0010000000000001,"4":0,"5":0,"6":0},"(1, 2, 2, 1)":{"0":0,"1":0,"2":0,"3":0,"4":0,"5":0,"6":0.0},"(1, 2, 2, 2)":{"0":0,"1":0,"2":0,"3":0,"4":0,"5":0,"6":0},"(1, 2, 2, 3)":{"0":0,"1":0,"2":0,"3":0,"4":0,"5":0,"6":0},"(1, 2, 3, 0)":{"0":0,"1":0,"2":0,"3":-0.0009269102990034028,"4":0,"5":0,"6":0},"(1, 2, 3, 1)":{"0":0,"1":0,"2":0,"3":0,"4":0,"5":0,"6":0},"(1, 2, 3, 2)":{"0":0,"1":0,"2":0,"3":0,"4":0,"5":0,"6":0},"(1, 2, 3, 3)":{"0":0,"1":0,"2":0,"3":0,"4":0,"5":0,"6":0},"(2, 0, 0, 0)":{"0":-0.021546961325966764,"1":0,"2":-1.0013812154696136,"3":1.004,"4":0.0,"5":0,"6":0},"(2, 0, 0, 1)":{"0":0,"1":0,"2":0,"3":0.013729281767955827,"4":0,"5":0,"6":0},"(2, 0, 0, 2)":{"0":0,"1":0,"2":0,"3":0,"4":0,"5":0,"6":0},"(2, 0, 0, 3)":{"0":0,"1":0,"2":0,"3":0,"4":-0.028619528619528635,"5":0,"6":0},"(2, 0, 1, 0)":{"0":0,"1":0,"2":0,"3":0,"4":0,"5":0,"6":0},"(2, 0, 1, 1)":{"0":0,"1":0,"2":0,"3":0.023913812154696165,"4":0.0,"5":-0.0963455149501661,"6":0},"(2, 0, 1, 2)":{"0":0,"1":0,"2":0,"3":0,"4":0,"5":0,"6":0},"(2, 0, 1, 3)":{"0":0,"1":0.06731491712707202,"2":0,"3":0,"4":0,"5":-1.1000000000000003,"6":0},"(2, 0, 2, 0)":{"0":0,"1":0,"2":0,"3":0,"4":0,"5":0,"6":0},"(2, 0, 2, 1)":{"0":0,"1":0,"2":0,"3":0,"4":0.0,"5":0,"6":0},"(2, 0, 2, 2)":{"0":0,"1":0,"2":0,"3":0,"4":0,"5":0,"6":0},"(2, 0, 2, 3)":{"0":0,"1":0,"2":0,"3":0,"4":0,"5":0,"6":0},"(2, 0, 3, 0)":{"0":0,"1":0,"2":0,"3":0,"4":0,"5":0,"6":0},"(2, 0, 3, 1)":{"0":0,"1":0,"2":0,"3":0,"4":0,"5":0,"6":0},"(2, 0, 3, 2)":{"0":0,"1":0,"2":0,"3":0,"4":0,"5":0,"6":0},"(2, 0, 3, 3)":{"0":0,"1":0,"2":0,"3":0,"4":0,"5":0,"6":0},"(2, 1, 0, 0)":{"0":0,"1":0,"2":-1.016850828729282,"3":0,"4":0,"5":0.0,"6":0},"(2, 1, 0, 1)":{"0":-1.0290055248618786,"1":0,"2":0,"3":0,"4":0,"5":0.0,"6":0},"(2, 1, 0, 2)":{"0":0,"1":-1.0171270718232044,"2":0,"3":0,"4":0.0,"5":0,"6":0},"(2, 1, 0, 3)":{"0":0,"1":-11.000276243093923,"2":0,"3":-0.005414364640884007,"4":0,"5":-0.04219269102990034,"6":0},"(2, 1, 1, 0)":{"0":0,"1":0,"2":0,"3":0,"4":0,"5":0,"6":0},"(2, 1, 1, 1)":{"0":0,"1":0,"2":0,"3":0,"4":0,"5":0,"6":0},"(2, 1, 1, 2)":{"0":0,"1":0,