{"steps": [0, 1, 2, 3, 4, 5, 6, 7, 8, 9, 10, 11, 12, 13, 14, 15, 16, 17, 18, 19, 20, 21, 22, 23, 24, 25, 26, 27, 28, 29, 30, 31, 32, 33, 34, 35, 36, 37, 38, 39, 40, 41, 42, 43, 44, 45, 46, 47, 48, 49, 50, 51, 52, 53, 54, 55, 56, 57, 58, 59, 60, 61, 62, 63, 64, 65, 66, 67, 68, 69, 70, 71, 72, 73, 74, 75, 76, 77, 78, 79, 80, 81, 82, 83, 84, 85, 86, 87, 88, 89, 90, 91, 92, 93, 94, 95, 96, 97, 98, 99], "rewards": [0.08215469613259607, 0.07983425414364653, -0.1107734806629832, -11.110773480662985, -11.110773480662985, -10.793480662983425, -10.656187845303867, -20.67, -20.67, -20.67, -10.55, -121.55, -121.38060773480663, -121.38060773480663, -121.64996800416691, -121.64996800416691, -121.64996800416691, -121.84886303179121, -121.84886303179121, -122.0449956284763, -123.00845077797796, -123.00845077797796, -123.00845077797796, -123.00845077797796, -133.0449956284763, -133.0449956284763, -132.88112822516138, -133.09659783842105, -133.09659783842105, -133.46360120542442, -133.79693453875777, -123.51693453875777, -133.5472375690608, -133.5472375690608, -243.55, -243.60414364640886, -243.35414364640886, -243.61327985903344, -243.61327985903344, -243.6466500247793, -243.68355610212737, -244.07558268020045, -254.2644198895028, -254.2644198895028, -244.2544198895028, -243.5544198895028, -233.2544198895028, -233.01378015886306, -232.95691147199437, -122.83691147199437, -123.10210484216012, -123.51094462116563, -123.79713990736091, -123.75006920029021, -123.81084361106463, -113.50084361106462, -123.14094462116563, -123.14094462116563, -123.10459103000541, -123.07823743884519, -133.05691147199437, -133.05691147199437, -133.0661805749844, -123.0561805749844, -123.22478522614719, -233.13691147199438, -233.47669047751924, -233.09729821232588, -233.00564075376235, -222.96564075376236, -223.38756766406135, -223.7261390926328, -233.87564075376235, -233.87564075376235, -244.0469114719944, -244.0469114719944, -243.89226500734793, -354.3569114719944, -354.4094529084585, -354.4068562233756, -364.6969114719944, -364.6969114719944, -355.03797459491796, -355.18036662149603, -343.80541645538307, -343.80541645538307, -343.7884467584134, -343.8181100580767, -233.4081100580767, -233.331241371208, -233.3652817752484, -223.1252817752484, -223.58375353604575, -223.90972038687448, -223.44524524875294, -233.61375353604575, -233.61375353604575, -223.58375353604575, -223.77312230680988, -222.76106250614544], "win_rate": [0, 0, 0, 0, 0, 0, 0, 0, 0, 0, 0, 0.0, 0.0, 0.0, 0.0, 0.0, 0.0, 0.0, 0.0, 0.0, 0.0, 0.0, 0.0, 0.0, 0.0, 0.0, 0.0, 0.0, 0.0, 0.0, 0.0, 0.0, 0.0, 0.0, 0.0, 0.0, 0.0, 0.0, 0.0, 0.0, 0.0, 0.0, 0.0, 0.0, 0.0, 0.0, 0.0, 0.0, 0.0, 0.3333333333333333, 0.3333333333333333, 0.3333333333333333, 0.3333333333333333, 0.3333333333333333, 0.3333333333333333, 0.3333333333333333, 0.3333333333333333, 0.3333333333333333, 0.3333333333333333, 0.3333333333333333, 0.3333333333333333, 0.3333333333333333, 0.3333333333333333, 0.3333333333333333, 0.3333333333333333, 0.25, 0.25, 0.25, 0.25, 0.25, 0.25, 0.25, 0.25, 0.25, 0.25, 0.25, 0.25, 0.2, 0.2, 0.2, 0.2, 0.2, 0.2, 0.2, 0.2, 0.2, 0.2, 0.2, 0.3333333333333333, 0.3333333333333333, 0.3333333333333333, 0.3333333333333333, 0.3333333333333333, 0.3333333333333333, 0.3333333333333333, 0.3333333333333333, 0.3333333333333333, 0.3333333333333333, 0.3333333333333333, 0.3333333333333333]}