{"(0, 0, 0, 0)":{"0":1.032,"1":0,"2":0,"3":0,"4":0,"5":0,"6":0},"(0, 0, 0, 1)":{"0":0,"1":0,"2":0,"3":0,"4":0,"5":0,"6":0},"(0, 0, 0, 2)":{"0":0,"1":0,"2":0,"3":0,"4":0,"5":0,"6":0},"(0, 0, 0, 3)":{"0":0,"1":0,"2":0,"3":0,"4":0,"5":0,"6":0},"(0, 0, 1, 0)":{"0":0,"1":0,"2":0,"3":-0.036026936026936164,"4":0,"5":0,"6":0},"(0, 0, 1, 1)":{"0":0,"1":0,"2":0,"3":0,"4":0,"5":0.0,"6":0},"(0, 0, 1, 2)":{"0":0,"1":0,"2":0,"3":0.0013500000000000025,"4":0,"5":0,"6":0},"(0, 0, 1, 3)":{"0":0,"1":0,"2":0.041999999999999996,"3":0,"4":0,"5":0,"6":0},"(0, 0, 2, 0)":{"0":0,"1":0,"2":0,"3":0,"4":0,"5":0,"6":0},"(0, 0, 2, 1)":{"0":0,"1":0,"2":0,"3":0,"4":0,"5":0,"6":0},"(0, 0, 2, 2)":{"0":0,"1":0,"2":0,"3":0,"4":0,"5":0,"6":0},"(0, 0, 2, 3)":{"0":0,"1":0,"2":0,"3":0,"4":0,"5":0,"6":0},"(0, 0, 3, 0)":{"0":0,"1":0,"2":0,"3":0,"4":0,"5":0,"6":0},"(0, 0, 3, 1)":{"0":0,"1":0,"2":0,"3":0,"4":0,"5":0,"6":0},"(0, 0, 3, 2)":{"0":0,"1":0,"2":0,"3":0,"4":0,"5":0,"6":0},"(0, 0, 3, 3)":{"0":0,"1":0,"2":0.051400000000000015,"3":0,"4":0,"5":0,"6":0},"(0, 1, 0, 0)":{"0":0,"1":0,"2":0,"3":-1.013131313131313,"4":0,"5":0,"6":0.0},"(0, 1, 0, 1)":{"0":0,"1":0,"2":0,"3":0,"4":0,"5":0,"6":0},"(0, 1, 0, 2)":{"0":0,"1":0,"2":0,"3":0,"4":0,"5":0,"6":0},"(0, 1, 0, 3)":{"0":0,"1":0,"2":0,"3":0,"4":0,"5":0.0,"6":0},"(0, 1, 1, 0)":{"0":0,"1":0,"2":0,"3":0,"4":0,"5":0,"6":0},"(0, 1, 1, 1)":{"0":0,"1":0,"2":0,"3":0,"4":0,"5":0,"6":0},"(0, 1, 1, 2)":{"0":0,"1":0,"2":0,"3":0,"4":0,"5":0,"6":0},"(0, 1, 1, 3)":{"0":0,"1":0,"2":-0.9851582491582493,"3":0,"4":0,"5":0,"6":0},"(0, 1, 2, 0)":{"0":0,"1":0.021000000000000088,"2":0,"3":0,"4":0,"5":0,"6":0.0},"(0, 1, 2, 1)":{"0":0,"1":0,"2":0,"3":0,"4":0,"5":0,"6":0},"(0, 1, 2, 2)":{"0":0,"1":0,"2":0,"3":0.0,"4":0,"5":0,"6":0},"(0, 1, 2, 3)":{"0":0,"1":0,"2":0,"3":0,"4":0,"5":0,"6":0},"(0, 1, 3, 0)":{"0":0.0012541436464088562,"1":0,"2":11.006,"3":0,"4":0,"5":0,"6":0},"(0, 1, 3, 1)":{"0":0,"1":0,"2":0,"3":0,"4":0,"5":0,"6":0},"(0, 1, 3, 2)":{"0":0,"1":0,"2":0,"3":0,"4":0,"5":0,"6":0},"(0, 1, 3, 3)":{"0":0,"1":0,"2":0,"3":0,"4":0,"5":0,"6":0},"(0, 2, 0, 0)":{"0":0,"1":0,"2":0,"3":0,"4":0,"5":0,"6":0},"(0, 2, 0, 1)":{"0":0,"1":0.0,"2":0,"3":0,"4":0,"5":0,"6":-0.02237569060773474},"(0, 2, 0, 2)":{"0":0,"1":0,"2":0,"3":0,"4":0,"5":0,"6":0},"(0, 2, 0, 3)":{"0":0,"1":0,"2":0,"3":0,"4":0,"5":0,"6":0},"(0, 2, 1, 0)":{"0":0,"1":0,"2":0,"3":0.0,"4":0,"5":0,"6":0},"(0, 2, 1, 1)":{"0":0,"1":0,"2":0.06730000000000003,"3":0,"4":0,"5":0,"6":0},"(0, 2, 1, 2)":{"0":0,"1":-0.014026936026936011,"2":0,"3":0,"4":0,"5":-0.048504983388704306,"6":-0.01685082872928181},"(0, 2, 1, 3)":{"0":0,"1":0,"2":0,"3":0,"4":0,"5":0,"6":0},"(0, 2, 2, 0)":{"0":0,"1":0,"2":0,"3":0,"4":0,"5":0,"6":0},"(0, 2, 2, 1)":{"0":0,"1":0,"2":0,"3":0,"4":0,"5":0,"6":0},"(0, 2, 2, 2)":{"0":0.0,"1":0,"2":0,"3":0,"4":0,"5":-1.0289036544850498,"6":0},"(0, 2, 2, 3)":{"0":0,"1":0.053000000000000026,"2":0,"3":0,"4":0,"5":0,"6":0},"(0, 2, 3, 0)":{"0":0,"1":0,"2":0,"3":0,"4":0,"5":0,"6":0},"(0, 2, 3, 1)":{"0":0,"1":0,"2":-0.021841750841750773,"3":0,"4":0,"5":0,"6":0},"(0, 2, 3, 2)":{"0":0,"1":0,"2":0,"3":-0.035016835016834946,"4":0,"5":0,"6":-0.018508287292817727},"(0, 2, 3, 3)":{"0":0,"1":0,"2":0,"3":0,"4":0,"5":0,"6":0},"(1, 0, 0, 0)":{"0":0,"1":0,"2":0,"3":0,"4":0,"5":0,"6":0},"(1, 0, 0, 1)":{"0":0,"1":0,"2":0,"3":0,"4":0,"5":0,"6":0},"(1, 0, 0, 2)":{"0":0,"1":0,"2":-1.0282392026578073,"3":0,"4":0,"5":0,"6":0.0},"(1, 0, 0, 3)":{"0":0,"1":0,"2":0,"3":0,"4":0,"5":0,"6":0},"(1, 0, 1, 0)":{"0":0,"1":0,"2":0,"3":0,"4":0,"5":0,"6":0},"(1, 0, 1, 1)":{"0":0,"1":0,"2":0,"3":0,"4":0,"5":0,"6":0},"(1, 0, 1, 2)":{"0":0,"1":0,"2":0,"3":0,"4":0,"5":0,"6":0},"(1, 0, 1, 3)":{"0":0,"1":0,"2":0,"3":0,"4":0,"5":0,"6":0},"(1, 0, 2, 0)":{"0":0,"1":0,"2":0,"3":0,"4":0,"5":0,"6":0},"(1, 0, 2, 1)":{"0":0,"1":0,"2":0,"3":0,"4":0,"5":0,"6":0},"(1, 0, 2, 2)":{"0":0,"1":0,"2":0,"3":0,"4":0,"5":0,"6":0},"(1, 0, 2, 3)":{"0":0,"1":0,"2":0,"3":0,"4":0,"5":0,"6":0},"(1, 0, 3, 0)":{"0":0,"1":9.86494668478808,"2":0,"3":0,"4":0,"5":0,"6":-1.0088397790055248},"(1, 0, 3, 1)":{"0":0.054000000000000006,"1":0,"2":0,"3":0,"4":0,"5":0,"6":0},"(1, 0, 3, 2)":{"0":0,"1":0,"2":0,"3":0,"4":0,"5":0,"6":0},"(1, 0, 3, 3)":{"0":0,"1":0,"2":0,"3":0,"4":0,"5":0,"6":0},"(1, 1, 0, 0)":{"0":0,"1":0.07198692691029906,"2":-0.020289036544850172,"3":0,"4":0.0,"5":0,"6":0},"(1, 1, 0, 1)":{"0":0,"1":0,"2":0,"3":0,"4":0,"5":0,"6":0},"(1, 1, 0, 2)":{"0":0,"1":0,"2":0,"3":0,"4":0,"5":0,"6":0},"(1, 1, 0, 3)":{"0":0,"1":0,"2":0,"3":0,"4":0,"5":0,"6":0},"(1, 1, 1, 0)":{"0":0,"1":-0.03286046511627916,"2":0,"3":8.91535003322259,"4":0,"5":0,"6":0},"(1, 1, 1, 1)":{"0":0,"1":0,"2":0,"3":0.025,"4":0,"5":0,"6":0},"(1, 1, 1, 2)":{"0":0,"1":0,"2":0,"3":0,"4":0,"5":0,"6":0},"(1, 1, 1, 3)":{"0":0,"1":0,"2":0,"3":0,"4":0,"5":0,"6":0},"(1, 1, 2, 0)":{"0":0,"1":0,"2":0,"3":0,"4":0,"5":0,"6":0},"(1, 1, 2, 1)":{"0":0,"1":0,"2":0,"3":0,"4":0,"5":0,"6":0},"(1, 1, 2, 2)":{"0":0.4994186710963455,"1":0,"2":0,"3":0,"4":0,"5":0,"6":0.000781215469613259},"(1, 1, 2, 3)":{"0":0,"1":0,"2":0,"3":0,"4":0,"5":0,"6":0},"(1, 1, 3, 0)":{"0":0,"1":0,"2":0,"3":0,"4":0,"5":0,"6":0},"(1, 1, 3, 1)":{"0":0,"1":0,"2":0.0,"3":0,"4":0,"5":0,"6":0},"(1, 1, 3, 2)":{"0":0,"1":0,"2":0,"3":0,"4":0,"5":0,"6":0},"(1, 1, 3, 3)":{"0":0,"1":0,"2":0,"3":0,"4":0,"5":0,"6":-0.05801104972375688},"(1, 2, 0, 0)":{"0":0,"1":0,"2":0,"3":0,"4":0,"5":0,"6":0},"(1, 2, 0, 1)":{"0":0,"1":0,"2":0,"3":0,"4":0,"5":0,"6":0},"(1, 2, 0, 2)":{"0":0,"1":0,"2":0,"3":0,"4":0.0,"5":0,"6":0},"(1, 2, 0, 3)":{"0":0,"1":0,"2":0,"3":0,"4":0.0,"5":0,"6":0},"(1, 2, 1, 0)":{"0":0,"1":0,"2":0,"3":0,"4":0,"5":0,"6":0},"(1, 2, 1, 1)":{"0":0,"1":0,"2":0,"3":0,"4":0,"5":0,"6":0},"(1, 2, 1, 2)":{"0":0,"1":0.013651162790697668,"2":0,"3":0,"4":0.0,"5":0,"6":0},"(1, 2, 1, 3)":{"0":0,"1":0,"2":0,"3":0,"4":0,"5":0,"6":0},"(1, 2, 2, 0)":{"0":1.0230390607734807,"1":0,"2":0,"3":0,"4":0,"5":0,"6":0},"(1, 2, 2, 1)":{"0":0.03300000000000001,"1":0,"2":0,"3":0,"4":0,"5":0,"6":0},"(1, 2, 2, 2)":{"0":0,"1":0,"2":0,"3":0,"4":0,"5":0,"6":0},"(1, 2, 2, 3)":{"0":0,"1":0,"2":0,"3":0,"4":0,"5":0,"6":0},"(1, 2, 3, 0)":{"0":0,"1":1.0170000000000001,"2":0,"3":0,"4":0,"5":0,"6":0},"(1, 2, 3, 1)":{"0":0,"1":0,"2":0,"3":0,"4":0,"5":0,"6":0},"(1, 2, 3, 2)":{"0":0,"1":0,"2":0,"3":0,"4":0,"5":0,"6":0},"(1, 2, 3, 3)":{"0":0,"1":0,"2":0.49589127946127953,"3":0,"4":0,"5":0,"6":0},"(2, 0, 0, 0)":{"0":0,"1":0,"2":0,"3":0,"4":0,"5":0.0,"6":0},"(2, 0, 0, 1)":{"0":0,"1":0,"2":0,"3":0,"4":0,"5":0,"6":0},"(2, 0, 0, 2)":{"0":0,"1":0,"2":0,"3":0,"4":0,"5":0,"6":0},"(2, 0, 0, 3)":{"0":0,"1":0,"2":0,"3":0,"4":0,"5":0,"6":0},"(2, 0, 1, 0)":{"0":0,"1":0,"2":0,"3":1.0230000000000001,"4":0,"5":0.0,"6":0},"(2, 0, 1, 1)":{"0":0,"1":0,"2":0,"3":0.01790055248618785,"4":0,"5":0,"6":0},"(2, 0, 1, 2)":{"0":0,"1":0,"2":0,"3":0,"4":0.0,"5":-0.07176079734219272,"6":0},"(2, 0, 1, 3)":{"0":0,"1":0.025,"2":0,"3":0,"4":0,"5":0,"6":0},"(2, 0, 2, 0)":{"0":0,"1":0,"2":0,"3":0,"4":0,"5":0,"6":0},"(2, 0, 2, 1)":{"0":0,"1":0.03155801104972378,"2":0,"3":0,"4":0,"5":0,"6":0},"(2, 0, 2, 2)":{"0":0,"1":0,"2":0,"3":0,"4":0,"5":0,"6":0},"(2, 0, 2, 3)":{"0":0,"1":0,"2":0,"3":0,"4":0,"5":0,"6":0},"(2, 0, 3, 0)":{"0":0,"1":0,"2":0,"3":0,"4":0,"5":0,"6":0},"(2, 0, 3, 1)":{"0":0,"1":1.028454502762431,"2":0,"3":0,"4":0,"5":0,"6":0},"(2, 0, 3, 2)":{"0":0,"1":0,"2":0,"3":0,"4":0,"5":0,"6":0},"(2, 0, 3, 3)":{"0":0,"1":0,"2":0,"3":0.010177900552486224,"4":0,"5":0,"6":0},"(2, 1, 0, 0)":{"0":0,"1":0,"2":0,"3":0,"4":0,"5":0,"6":0},"(2, 1, 0, 1)":{"0":0,"1":0,"2":0,"3":1.0213591160220994,"4":0,"5":0,"6":0},"(2, 1, 0, 2)":{"0":0,"1":0,"2":0,"3":0,"4":0,"5":0,"6":0},"(2, 1, 0, 3)":{"0":0,"1":0,"2":0,"3":0,"4":0.0,"5":0,"6":0},"(2, 1, 1, 0)":{"0":0,"1":1.022,"2":0,"3":0,"4":0,"5":0,"6":0},"(2, 1, 1, 1)":{"0":0,"1":0,"2":0,"3":0,"4":0,"5":0,"6":0},"(2, 1, 1, 2)":{"0":0,"1":0,"2":0,"3":0,"4":0,"5":0,"6":0},"(2, 1, 1, 3)":{"0":0,"1":0,"2":0,"3":0,"4":0,"5":0,"6":0},"(2, 1, 2, 0)":{"0":0,"1":0,"2":0,"3":0,"4":0,"5":0,"6":0},"(2, 1, 2, 1)":{"0":0,"1":1.0147071823204419,