{"steps": [0, 1, 2, 3, 4, 5, 6, 7, 8, 9, 10, 11, 12, 13, 14, 15, 16, 17, 18, 19, 20, 21, 22, 23, 24, 25, 26, 27, 28, 29, 30, 31, 32, 33, 34, 35, 36, 37, 38, 39, 40, 41, 42, 43, 44, 45, 46, 47, 48, 49, 50, 51, 52, 53, 54, 55, 56, 57, 58, 59, 60, 61, 62, 63, 64, 65, 66, 67, 68, 69, 70, 71, 72, 73, 74, 75, 76, 77, 78, 79, 80, 81, 82, 83, 84, 85, 86, 87, 88, 89, 90, 91, 92, 93, 94, 95, 96, 97, 98, 99], "rewards": [0.2599999999999998, 0.07491712707182252, 0.07491712707182252, 0.35491712707182277, 0.13649961865431504, 0.13649961865431504, 0.556499618654315, 0.556499618654315, -0.023610878583253836, -0.023610878583253836, -9.875193370165746, -9.875193370165746, -9.875193370165746, 0.2948066298342553, 0.8348066298342554, 0.8348066298342554, 11.048397790055247, 11.048397790055247, 0.9600000000000009, 0.9600000000000009, 111.0, 111.14225589225589, 111.14225589225589, 111.67225589225589, 111.67225589225589, 111.82849898617854, 112.14407909667578, 112.14407909667578, 112.14407909667578, 121.53311564152628, 121.53311564152628, 121.74311564152629, 111.45407909667578, 111.45407909667578, 111.45407909667578, 111.05340569600239, 110.91313633573303, 110.91313633573303, 100.7818232044199, 100.7818232044199, 111.00182320441989, 110.7725414364641, 110.71430939226519, 0.8400000000000034, 0.9200000000000035, 1.2700000000000036, 1.4800000000000035, 1.8700000000000028, 2.1200000000000028, 12.178895027624312, 11.7681206168499, 11.283070782962858, 11.283070782962858, 11.419582410869834, 11.669582410869834, 11.340977759707043, 11.138087394258541, 11.334532576982792, 22.469781746418008, 132.629781746418, 132.74360234442463, 132.74360234442463, 132.70476256541912, 132.883768090281, 143.11376809028098, 143.33376809028098, 143.34106090796053, 133.18360234442463, 133.18360234442463, 133.51360234442464, 143.74360234442463, 143.77489802548774, 143.59635981950768, 133.569781746418, 133.569781746418, 243.629781746418, 243.64232318288208, 243.64232318288208, 244.12232318288207, 254.26939500608648, 254.51939500608648, 253.80178703266455, 243.51939500608648, 243.51939500608648, 243.51939500608648, 243.16922665591812, 243.00071836862531, 243.2207183686253, 243.49071836862532, 243.49071836862532, 243.49071836862532, 243.49071836862532, 243.92071836862533, 243.56044900835596, 253.88044900835595, 253.63183022382557, 243.34226793426328, 243.34226793426328, 243.34226793426328, 133.51978174641798], "win_rate": [0, 0, 0, 0, 0, 0, 0, 0, 0, 0, 0, 0, 0, 0, 0, 0, 0, 0, 0, 0, 1.0, 1.0, 1.0, 1.0, 1.0, 1.0, 1.0, 1.0, 1.0, 1.0, 1.0, 1.0, 1.0, 1.0, 1.0, 1.0, 1.0, 1.0, 1.0, 1.0, 1.0, 1.0, 1.0, 0.5, 0.5, 0.5, 0.5, 0.5, 0.5, 0.5, 0.5, 0.5, 0.5, 0.5, 0.5, 0.5, 0.5, 0.5, 0.5, 0.6666666666666666, 0.6666666666666666, 0.6666666666666666, 0.6666666666666666, 0.6666666666666666, 0.6666666666666666, 0.6666666666666666, 0.6666666666666666, 0.6666666666666666, 0.6666666666666666, 0.6666666666666666, 0.6666666666666666, 0.6666666666666666, 0.6666666666666666, 0.6666666666666666, 0.6666666666666666, 0.75, 0.75, 0.75, 0.75, 0.75, 0.75, 0.75, 0.75, 0.75, 0.75, 0.75, 0.75, 0.75, 0.75, 0.75, 0.75, 0.75, 0.75, 0.75, 0.75, 0.75, 0.75, 0.75, 0.75, 0.6]}